localityId, localityName, dataId, x, y, latitude, longitude, zone, altitude, horiz_precision, vert_precision, planeType, dip, dipAzimuth, strike, declination, rockUnit, timedate, notes
e9b7b9667cd8eba19fc087e07b98b00f, Locality 1, 9609715f12e80287f8c7af904ee41342, 272544.592176, 1888290.560065, 17.067706, 54.862774, 40Q, 86.461975, 3.790092, 2.500000, Dike Margin, 79.000000, 268.000000, 178.000000, 0.943000, SD23, Mon Jan 23 17:16:40 2023, 
e9b7b9667cd8eba19fc087e07b98b00f, Locality 1, 0d147da59028f9843d1622b22f990ae5, 272543.389468, 1888297.411373, 17.067768, 54.862762, 40Q, 80.803040, 3.790092, 2.500000, Dike Margin, 72.000000, 257.000000, 167.000000, 0.943000, SD23, Mon Jan 23 17:16:16 2023, 
e9b7b9667cd8eba19fc087e07b98b00f, Locality 1, b657a127fc46db8b00174d107986ab23, 272542.635637, 1888298.484595, 17.067777, 54.862754, 40Q, 80.509766, 3.790092, 2.500000, Dike Margin, 68.000000, 253.000000, 163.000000, 0.943000, SD23, Mon Jan 23 17:16:05 2023, 
e9b7b9667cd8eba19fc087e07b98b00f, Locality 1, c69603bd0c50ca8fa7aff02d9137f2ce, 272542.114287, 1888300.465250, 17.067795, 54.862749, 40Q, 79.595337, 3.790092, 2.500000, Dike Margin, 67.000000, 268.000000, 178.000000, 0.943000, SD23, Mon Jan 23 17:14:29 2023, 
e9b7b9667cd8eba19fc087e07b98b00f, Locality 1, b5f6165902f9a6b970870736d3dbcb4b, 272542.410706, 1888300.210707, 17.067793, 54.862752, 40Q, 79.225220, 3.790092, 2.500000, Dike Margin, 78.000000, 260.000000, 170.000000, 0.943000, SD23, Mon Jan 23 17:14:20 2023, 
e9b7b9667cd8eba19fc087e07b98b00f, Locality 1, 6992f1a2c87c69d0d049b2785f0b6752, 272549.890155, 1888311.712762, 17.067898, 54.862821, 40Q, 79.599060, 3.790092, 2.500000, Dike Margin, 87.000000, 72.000000, 342.000000, 0.943000, SD23, Mon Jan 23 17:13:51 2023, 
e9b7b9667cd8eba19fc087e07b98b00f, Locality 1, efbfd6d0303252945b68bc4d4db9f278, 272424.158928, 1887939.220021, 17.064520, 54.861679, 40Q, 70.647949, 3.790092, 2.500000, Dike Margin, 66.000000, 222.000000, 132.000000, 0.943000, SD22, Mon Jan 23 16:37:58 2023, 
e9b7b9667cd8eba19fc087e07b98b00f, Locality 1, 849c187d1e2e7a231fe018412a91ae5c, 272425.040397, 1887939.882331, 17.064527, 54.861687, 40Q, 66.667236, 4.256540, 2.829006, Dike Margin, 63.000000, 231.000000, 141.000000, 0.943000, SD22, Mon Jan 23 16:37:46 2023, 
e9b7b9667cd8eba19fc087e07b98b00f, Locality 1, 33c68ad5a4ffdb3c566db62202e4c7ee, 272422.327613, 1887930.780147, 17.064444, 54.861662, 40Q, 67.183105, 3.790092, 2.500000, Dike Margin, 53.000000, 225.000000, 135.000000, 0.943000, SD22, Mon Jan 23 16:37:19 2023, 
e9b7b9667cd8eba19fc087e07b98b00f, Locality 1, e45bfbb57f6eff908061a9e7d91bb979, 272422.762275, 1887931.383145, 17.064450, 54.861666, 40Q, 69.243835, 3.922306, 2.878192, Dike Margin, 56.000000, 217.000000, 127.000000, 0.943000, SD22, Mon Jan 23 16:36:55 2023, 
e9b7b9667cd8eba19fc087e07b98b00f, Locality 1, bc863b70444b1c3b460be6627f434c17, 272421.894214, 1887931.264240, 17.064448, 54.861658, 40Q, 72.005493, 4.368642, 3.329073, Dike Margin, 57.000000, 224.000000, 134.000000, 0.943000, SD22, Mon Jan 23 16:36:48 2023, 
e9b7b9667cd8eba19fc087e07b98b00f, Locality 1, 55f298867ea14948256453b1771175bd, 272422.096928, 1887930.814778, 17.064444, 54.861660, 40Q, 72.121887, 3.790092, 2.500000, Dike Margin, 56.000000, 217.000000, 127.000000, 0.943000, SD22, Mon Jan 23 16:36:40 2023, 
e9b7b9667cd8eba19fc087e07b98b00f, Locality 1, d86854e09ee9dd8f6f3cf33d7f2b0f62, 272398.589007, 1887701.082008, 17.062367, 54.861463, 40Q, 71.347473, 3.790092, 2.500000, Dike Margin, 70.000000, 205.000000, 115.000000, 0.943000, SD10, Mon Jan 23 16:11:16 2023, 
e9b7b9667cd8eba19fc087e07b98b00f, Locality 1, 2c8a94c339607eb4c29cadaa68b28c05, 272398.604476, 1887710.560247, 17.062452, 54.861462, 40Q, 73.843506, 3.790092, 2.500000, Dike Margin, 89.000000, 237.000000, 147.000000, 0.943000, SD10, Mon Jan 23 16:10:49 2023, 
e9b7b9667cd8eba19fc087e07b98b00f, Locality 1, ccddd06ed4f26428afd4fbc080b49ada, 272680.617888, 1887386.219880, 17.059550, 54.864144, 40Q, 75.819641, 3.790092, 4.710566, Dike Margin, 76.000000, 62.000000, 332.000000, 0.943000, SD22, Mon Jan 23 16:02:38 2023, 
e9b7b9667cd8eba19fc087e07b98b00f, Locality 1, c286919d1c26f932016c1e5b8fc5198a, 272688.733654, 1887378.782623, 17.059484, 54.864221, 40Q, 80.524231, 3.790092, 2.500000, Dike Margin, 87.000000, 77.000000, 347.000000, 0.943000, SD22, Mon Jan 23 15:59:58 2023, 
e9b7b9667cd8eba19fc087e07b98b00f, Locality 1, 0a634100453f1c2addc0fc0af78036cd, 272810.463581, 1887454.214767, 17.060178, 54.865356, 40Q, 85.948853, 3.790092, 2.500000, Dike Margin, 76.000000, 13.000000, 283.000000, 0.943000, SD10, Mon Jan 23 15:48:10 2023, 
e9b7b9667cd8eba19fc087e07b98b00f, Locality 1, 5c71817a58011a4c052044ffdd7ed5f3, 272784.448753, 1887465.134493, 17.060274, 54.865111, 40Q, 89.144287, 3.790092, 2.500000, Dike Margin, 86.000000, 198.000000, 108.000000, 0.943000, SD10, Mon Jan 23 15:47:39 2023, 
e9b7b9667cd8eba19fc087e07b98b00f, Locality 1, f75fdcd4737f614d69199795caa7b143, 272767.674044, 1887463.445972, 17.060257, 54.864954, 40Q, 89.913696, 3.790092, 2.500000, Dike Margin, 73.000000, 16.000000, 286.000000, 0.943000, SD10, Mon Jan 23 15:46:31 2023, 
e9b7b9667cd8eba19fc087e07b98b00f, Locality 1, 05746534c182bd26352d0c2984f9587d, 272645.065054, 1887550.375185, 17.061030, 54.863793, 40Q, 89.290161, 3.790092, 2.500000, Dike Margin, 79.000000, 211.000000, 121.000000, 0.943000, SD10, Mon Jan 23 15:42:57 2023, 
e9b7b9667cd8eba19fc087e07b98b00f, Locality 1, 125df32557c7b2978918d02d98478c7c, 272620.495024, 1887567.877233, 17.061185, 54.863561, 40Q, 92.515869, 3.790092, 2.500000, Dike Margin, 53.000000, 47.000000, 317.000000, 0.943000, SD10, Mon Jan 23 15:41:51 2023, 
e9b7b9667cd8eba19fc087e07b98b00f, Locality 1, 45cbb2d03ae9fe0334a6398285952df6, 272610.171358, 1887564.752165, 17.061156, 54.863464, 40Q, 92.279480, 3.790092, 2.500000, Dike Margin, 76.000000, 356.000000, 266.000000, 0.943000, SD10, Mon Jan 23 15:40:14 2023, 
e9b7b9667cd8eba19fc087e07b98b00f, Locality 1, 5e1979b1c270f463b4ee20c02da35d16, 272612.011405, 1887562.905425, 17.061140, 54.863482, 40Q, 92.475220, 3.790092, 2.500000, Dike Margin, 77.000000, 32.000000, 302.000000, 0.943000, SD10, Mon Jan 23 15:39:23 2023, 
e9b7b9667cd8eba19fc087e07b98b00f, Locality 1, a95146170307d6d685b72d664150b30c, 272602.731672, 1887574.992818, 17.061248, 54.863393, 40Q, 94.797424, 3.790092, 2.500000, Dike Margin, 81.000000, 29.000000, 299.000000, 0.943000, SD10, Mon Jan 23 15:32:57 2023, 
e9b7b9667cd8eba19fc087e07b98b00f, Locality 1, 788606f09cd501b94a64b3ab4005b64a, 272605.605425, 1887570.983801, 17.061212, 54.863421, 40Q, 89.945557, 3.790092, 2.500000, Dike Margin, 71.000000, 16.000000, 286.000000, 0.943000, SD10, Mon Jan 23 15:31:33 2023, 
e9b7b9667cd8eba19fc087e07b98b00f, Locality 1, 9487b628fc2c5465c44c83621de6462a, 272589.206200, 1887623.435084, 17.061684, 54.863261, 40Q, 86.282471, 3.790092, 2.500000, Dike Margin, 82.000000, 273.000000, 183.000000, 0.943000, SD22, Mon Jan 23 15:13:05 2023, 
e9b7b9667cd8eba19fc087e07b98b00f, Locality 1, 74220c697901d3baab5efa22e20abfcd, 272589.025370, 1887624.911628, 17.061698, 54.863259, 40Q, 82.738770, 3.790092, 2.500000, Dike Margin, 67.000000, 219.000000, 129.000000, 0.943000, SD22, Mon Jan 23 15:09:04 2023, 
e9b7b9667cd8eba19fc087e07b98b00f, Locality 1, 0ec64a80e246c29e899dbe6df3de5f87, 272584.274776, 1887632.267822, 17.061764, 54.863214, 40Q, 78.332214, 3.790092, 2.500000, Dike Margin, 89.000000, 76.000000, 346.000000, 0.943000, SD22, Mon Jan 23 15:08:06 2023, 
e9b7b9667cd8eba19fc087e07b98b00f, Locality 1, 73dac5950d3e2bd8164565f4ca7b5403, 272584.832788, 1887633.730743, 17.061777, 54.863219, 40Q, 75.567017, 3.790092, 2.500000, Dike Margin, 80.000000, 48.000000, 318.000000, 0.943000, SD22, Mon Jan 23 15:07:07 2023, 
e9b7b9667cd8eba19fc087e07b98b00f, Locality 1, 9bbcc71c91141c97236d11920c9c7c41, 272572.842132, 1887650.201786, 17.061924, 54.863105, 40Q, 71.683716, 3.790092, 2.500000, Dike Margin, 70.000000, 107.000000, 17.000000, 0.943000, SD22, Mon Jan 23 15:06:13 2023, 
e9b7b9667cd8eba19fc087e07b98b00f, Locality 1, d873e567141c97901de9c6ea87b02818, 272571.704255, 1887654.811743, 17.061966, 54.863094, 40Q, 72.619507, 3.790092, 2.500000, Dike Margin, 69.000000, 223.000000, 133.000000, 0.943000, SD22, Mon Jan 23 15:05:56 2023, 
e9b7b9667cd8eba19fc087e07b98b00f, Locality 1, ac2feb9314c244a90075e88bd121d156, 272573.578843, 1887658.455491, 17.061999, 54.863111, 40Q, 80.102356, 3.790092, 2.500000, Dike Margin, 83.000000, 69.000000, 339.000000, 0.943000, SD22, Mon Jan 23 15:05:13 2023, 
e9b7b9667cd8eba19fc087e07b98b00f, Locality 1, 58ffe5f193598a0f05130eb030410c70, 272568.797662, 1887669.046770, 17.062094, 54.863065, 40Q, 83.948853, 3.790092, 2.500000, Dike Margin, 81.000000, 258.000000, 168.000000, 0.943000, SD22, Mon Jan 23 15:04:44 2023, 
e9b7b9667cd8eba19fc087e07b98b00f, Locality 1, 072bcd1691b04a8002f9c150c1ddf061, 272562.321742, 1887680.360677, 17.062196, 54.863003, 40Q, 88.945312, 3.790092, 2.500000, Dike Margin, 87.000000, 86.000000, 356.000000, 0.943000, SD22, Mon Jan 23 15:04:17 2023, 
e9b7b9667cd8eba19fc087e07b98b00f, Locality 1, d67fa2b766f41f5111be6a1807d5c74d, 272561.714339, 1887684.014994, 17.062229, 54.862997, 40Q, 88.965210, 3.790092, 2.500000, Dike Margin, 81.000000, 251.000000, 161.000000, 0.943000, SD22, Mon Jan 23 15:04:09 2023, 
e9b7b9667cd8eba19fc087e07b98b00f, Locality 1, 32950d6d4d1ac30a5b50a93720242591, 272560.017571, 1887687.178646, 17.062257, 54.862981, 40Q, 90.252991, 3.790092, 2.500000, Dike Margin, 76.000000, 270.000000, 180.000000, 0.943000, SD22, Mon Jan 23 15:03:55 2023, 
e9b7b9667cd8eba19fc087e07b98b00f, Locality 1, bdb54480ab04ceb0636bdec81fae3070, 272557.537542, 1887693.203693, 17.062311, 54.862957, 40Q, 92.252747, 3.790092, 2.500000, Dike Margin, 82.000000, 58.000000, 328.000000, 0.943000, SD22, Mon Jan 23 15:03:40 2023, 
e9b7b9667cd8eba19fc087e07b98b00f, Locality 1, 3f09869d3d71f66fabc767e25edeb937, 272547.786385, 1887716.978784, 17.062525, 54.862863, 40Q, 90.314331, 3.790092, 2.500000, Dike Margin, 76.000000, 256.000000, 166.000000, 0.943000, SD22, Mon Jan 23 15:03:06 2023, 
e9b7b9667cd8eba19fc087e07b98b00f, Locality 1, 6388b093d55a28846b93708a61de591a, 272544.102424, 1887724.302279, 17.062591, 54.862827, 40Q, 94.090332, 3.790092, 2.500000, Dike Margin, 89.000000, 63.000000, 333.000000, 0.943000, SD22, Mon Jan 23 15:02:43 2023, 
e9b7b9667cd8eba19fc087e07b98b00f, Locality 1, 06f26821938953d5ceae4f2c72420e97, 272538.085098, 1887736.359530, 17.062699, 54.862770, 40Q, 94.488831, 3.790092, 2.500000, Dike Margin, 82.000000, 69.000000, 339.000000, 0.943000, SD22, Mon Jan 23 15:02:15 2023, 
e9b7b9667cd8eba19fc087e07b98b00f, Locality 1, a3139e6b170c7a888118993ea29f04a0, 272535.476057, 1887742.756849, 17.062757, 54.862744, 40Q, 94.816101, 3.790092, 2.500000, Dike Margin, 86.000000, 247.000000, 157.000000, 0.943000, SD22, Mon Jan 23 15:02:03 2023, 
e9b7b9667cd8eba19fc087e07b98b00f, Locality 1, fb331a3576ad8423a7fc13a754c48d14, 272535.411063, 1887744.017363, 17.062768, 54.862744, 40Q, 95.535461, 3.790092, 2.500000, Dike Margin, 78.000000, 245.000000, 155.000000, 0.943000, SD22, Mon Jan 23 15:01:56 2023, 
e9b7b9667cd8eba19fc087e07b98b00f, Locality 1, 00eb5e949ed66384595538a4c2979154, 272342.001146, 1887835.077373, 17.063572, 54.860918, 40Q, 75.122498, 3.790092, 2.500000, Dike Margin, 86.000000, 43.000000, 313.000000, 0.943000, SD21, Mon Jan 23 14:42:44 2023, 
e9b7b9667cd8eba19fc087e07b98b00f, Locality 1, 0434dfea8992316e17be30cb52198844, 272341.431162, 1887837.964119, 17.063598, 54.860912, 40Q, 74.764160, 3.790092, 2.500000, Dike Margin, 84.000000, 53.000000, 323.000000, 0.943000, SD21, Mon Jan 23 14:42:29 2023, 
e9b7b9667cd8eba19fc087e07b98b00f, Locality 1, ff67541e1ce4f6f7c48b43689ab95a5c, 272340.047725, 1887841.439866, 17.063629, 54.860899, 40Q, 72.498474, 3.790092, 2.500000, Dike Margin, 84.000000, 231.000000, 141.000000, 0.943000, SD21, Mon Jan 23 14:40:49 2023, 
e9b7b9667cd8eba19fc087e07b98b00f, Locality 1, fa503837af33e3bf22cddcaaaece0039, 272338.757913, 1887841.896815, 17.063633, 54.860887, 40Q, 74.118652, 3.790092, 2.500000, Dike Margin, 78.000000, 231.000000, 141.000000, 0.943000, SD21, Mon Jan 23 14:40:16 2023, 
e9b7b9667cd8eba19fc087e07b98b00f, Locality 1, d0a5ffae79e583dd7a8825df00ff94c8, 272340.978977, 1887839.357294, 17.063610, 54.860908, 40Q, 73.371765, 3.790092, 2.500000, Dike Margin, 90.000000, 63.000000, 333.000000, 0.943000, SD21, Mon Jan 23 14:40:05 2023, 
e9b7b9667cd8eba19fc087e07b98b00f, Locality 1, 7620175b5fa6d7b84f14041ad8c48bfa, 272341.860203, 1887835.333535, 17.063574, 54.860917, 40Q, 73.846436, 3.790092, 2.500000, Dike Margin, 81.000000, 104.000000, 14.000000, 0.943000, SD21, Mon Jan 23 14:39:53 2023, 
e9b7b9667cd8eba19fc087e07b98b00f, Locality 1, 9529f837d89bf503e7675dfbd124e373, 272341.830964, 1887835.871874, 17.063579, 54.860916, 40Q, 68.521912, 3.790092, 2.500000, Dike Margin, 82.000000, 251.000000, 161.000000, 0.943000, SD21, Mon Jan 23 14:39:45 2023, 
e9b7b9667cd8eba19fc087e07b98b00f, Locality 1, 30790c068e9d10de334f5dd2b4edb8be, 272345.548585, 1887830.462020, 17.063530, 54.860952, 40Q, 67.532104, 3.790092, 2.500000, Dike Margin, 85.000000, 261.000000, 171.000000, 0.943000, SD21, Mon Jan 23 14:39:25 2023, 
e9b7b9667cd8eba19fc087e07b98b00f, Locality 1, 1522ce650447ea811b9c8a84c474fd8d, 272347.507741, 1887828.897345, 17.063516, 54.860970, 40Q, 71.989197, 3.790092, 2.500000, Dike Margin, 83.000000, 221.000000, 131.000000, 0.943000, SD21, Mon Jan 23 14:38:57 2023, 
e9b7b9667cd8eba19fc087e07b98b00f, Locality 1, 92a21808b37b47456c84c9c259736499, 272343.519883, 1887833.162167, 17.063554, 54.860932, 40Q, 74.855591, 3.790092, 2.500000, Dike Margin, 74.000000, 224.000000, 134.000000, 0.943000, SD21, Mon Jan 23 14:38:34 2023, 
e9b7b9667cd8eba19fc087e07b98b00f, Locality 1, 4cd038f836999dc150ff48858376ef55, 276712.408450, 1887301.290691, 17.059178, 54.902016, 40Q, 50.636963, 3.790092, 2.500000, Dike Margin, 47.000000, 218.000000, 128.000000, 0.943000, SD20, Mon Jan 23 14:06:15 2023, 
e9b7b9667cd8eba19fc087e07b98b00f, Locality 1, 5e8b46568e05158826481d11e16658d0, 276712.168876, 1887302.777756, 17.059192, 54.902014, 40Q, 50.687195, 3.790092, 2.500000, Dike Margin, 36.000000, 211.000000, 121.000000, 0.943000, SD20, Mon Jan 23 14:06:07 2023, 
e9b7b9667cd8eba19fc087e07b98b00f, Locality 1, d726f92ffdaea7c5e99c8f211e463d68, 276707.985679, 1887308.072118, 17.059239, 54.901974, 40Q, 51.840820, 3.790092, 2.500000, Dike Margin, 60.000000, 227.000000, 137.000000, 0.943000, SD20, Mon Jan 23 14:05:31 2023, 
e9b7b9667cd8eba19fc087e07b98b00f, Locality 1, 6c66a12095ffed1c24976bdc2b4d429e, 276706.935118, 1887311.578216, 17.059271, 54.901964, 40Q, 54.072083, 3.790092, 2.500000, Dike Margin, 67.000000, 221.000000, 131.000000, 0.943000, SD20, Mon Jan 23 14:04:04 2023, 
e9b7b9667cd8eba19fc087e07b98b00f, Locality 1, 602a768a8a64fe60b2b9cd77b69f59e6, 276703.927190, 1887316.647404, 17.059316, 54.901935, 40Q, 55.114868, 3.790092, 2.500000, Dike Margin, 54.000000, 225.000000, 135.000000, 0.943000, SD20, Mon Jan 23 14:03:44 2023, 
e9b7b9667cd8eba19fc087e07b98b00f, Locality 1, 7c6f0640db6617ff829bfe4a6bf49e98, 276702.898917, 1887317.768779, 17.059326, 54.901925, 40Q, 55.720276, 3.790092, 2.500000, Dike Margin, 56.000000, 218.000000, 128.000000, 0.943000, SD20, Mon Jan 23 14:03:34 2023, 
e9b7b9667cd8eba19fc087e07b98b00f, Locality 1, 66f86a40402a0f3b93b99dbb8e09ee2c, 276700.321418, 1887323.355848, 17.059376, 54.901900, 40Q, 57.063843, 3.790092, 2.500000, Dike Margin, 58.000000, 220.000000, 130.000000, 0.943000, SD20, Mon Jan 23 14:03:16 2023, 
e9b7b9667cd8eba19fc087e07b98b00f, Locality 1, 72b35cc1f8dbabfc2910dfff7e3c4166, 276699.185345, 1887324.156243, 17.059383, 54.901890, 40Q, 55.970093, 3.790092, 2.500000, Dike Margin, 67.000000, 233.000000, 143.000000, 0.943000, SD20, Mon Jan 23 14:03:09 2023, 
e9b7b9667cd8eba19fc087e07b98b00f, Locality 1, a6f9c4338ff9ab5e2788a2ef79cfa043, 276697.827257, 1887326.492224, 17.059404, 54.901877, 40Q, 58.345032, 3.790092, 2.500000, Dike Margin, 79.000000, 219.000000, 129.000000, 0.943000, SD20, Mon Jan 23 14:02:49 2023, 
e9b7b9667cd8eba19fc087e07b98b00f, Locality 1, a58993737beeb3c8c3174078a6f3d081, 276696.232219, 1887329.469492, 17.059431, 54.901861, 40Q, 58.995361, 3.790092, 2.500000, Dike Margin, 61.000000, 219.000000, 129.000000, 0.943000, SD20, Mon Jan 23 14:01:22 2023, 
e9b7b9667cd8eba19fc087e07b98b00f, Locality 1, fbeab67c66931bfa4b62a1b087647138, 276694.873727, 1887331.371532, 17.059448, 54.901848, 40Q, 60.046997, 3.790092, 2.500000, Dike Margin, 60.000000, 222.000000, 132.000000, 0.943000, SD20, Mon Jan 23 14:01:03 2023, 
e9b7b9667cd8eba19fc087e07b98b00f, Locality 1, 15bb9b78631b58174bad7f6cee310c82, 276692.199648, 1887336.294332, 17.059492, 54.901823, 40Q, 60.624634, 3.790092, 2.500000, Dike Margin, 57.000000, 223.000000, 133.000000, 0.943000, SD20, Mon Jan 23 14:00:46 2023, 
e9b7b9667cd8eba19fc087e07b98b00f, Locality 1, fa40ad0849541e37d7fa66b554a99537, 276705.524859, 1887312.923989, 17.059283, 54.901950, 40Q, 53.440979, 3.790092, 2.500000, Dike Margin, 67.000000, 211.000000, 121.000000, 0.943000, SD20, Mon Jan 23 13:59:37 2023, 
e9b7b9667cd8eba19fc087e07b98b00f, Locality 1, bc914cc9c0199b947d809b9def955607, 276706.573325, 1887311.204616, 17.059267, 54.901960, 40Q, 53.317932, 3.790092, 2.500000, Dike Margin, 50.000000, 225.000000, 135.000000, 0.943000, SD20, Mon Jan 23 13:59:26 2023, 
e9b7b9667cd8eba19fc087e07b98b00f, Locality 1, 069f5e472ef26e7e00f8dd480d25578c, 276705.938233, 1887311.954240, 17.059274, 54.901954, 40Q, 53.684692, 3.790092, 2.500000, Dike Margin, 66.000000, 233.000000, 143.000000, 0.943000, SD20, Mon Jan 23 13:59:21 2023, 
e9b7b9667cd8eba19fc087e07b98b00f, Locality 1, 2c32fc025946253202e560725d6ec764, 276707.689421, 1887306.464613, 17.059224, 54.901971, 40Q, 54.190735, 3.790092, 2.500000, Dike Margin, 64.000000, 242.000000, 152.000000, 0.943000, SD20, Mon Jan 23 13:59:09 2023, 
e9b7b9667cd8eba19fc087e07b98b00f, Locality 1, fe3cfba605178d49dc6a8e3f76a0084e, 276711.956119, 1887297.842811, 17.059147, 54.902012, 40Q, 52.641235, 3.790092, 2.500000, Dike Margin, 52.000000, 217.000000, 127.000000, 0.943000, SD20, Mon Jan 23 13:58:31 2023, 
e9b7b9667cd8eba19fc087e07b98b00f, Locality 1, d47632c052d6b9dadb8dc2c0c75c6c35, 276836.185711, 1887208.987460, 17.058356, 54.903188, 40Q, 55.738953, 3.790092, 2.500000, Dike Margin, 42.000000, 213.000000, 123.000000, 0.943000, SD19, Mon Jan 23 11:38:41 2023, 
e9b7b9667cd8eba19fc087e07b98b00f, Locality 1, fa4d0f0510abbba2cfcc7ee3beea5c1b, 276830.854707, 1887213.797075, 17.058399, 54.903137, 40Q, 54.600037, 3.790092, 2.500000, Dike Margin, 61.000000, 220.000000, 130.000000, 0.943000, SD19, Mon Jan 23 11:38:10 2023, 
e9b7b9667cd8eba19fc087e07b98b00f, Locality 1, 463bb379ecff6ed61078da6578b3e15f, 276825.597122, 1887220.385962, 17.058458, 54.903087, 40Q, 55.920166, 3.790092, 2.500000, Dike Margin, 39.000000, 239.000000, 149.000000, 0.943000, SD19, Mon Jan 23 11:37:48 2023, 
e9b7b9667cd8eba19fc087e07b98b00f, Locality 1, a1589f166b468d9fe8073eff093adbb3, 276820.296039, 1887222.726645, 17.058479, 54.903037, 40Q, 53.756287, 3.790092, 2.500000, Dike Margin, 56.000000, 222.000000, 132.000000, 0.943000, SD19, Mon Jan 23 11:37:26 2023, 
e9b7b9667cd8eba19fc087e07b98b00f, Locality 1, 160d8dbff902991879898c1f4dc0b38b, 276821.240370, 1887222.810597, 17.058480, 54.903046, 40Q, 52.430847, 3.790092, 2.500000, Dike Margin, 59.000000, 224.000000, 134.000000, 0.943000, SD19, Mon Jan 23 11:37:19 2023, 
e9b7b9667cd8eba19fc087e07b98b00f, Locality 1, c8aa85a84995d162b96202d44cd37a92, 276818.639288, 1887223.827088, 17.058489, 54.903021, 40Q, 52.449097, 3.790092, 2.500000, Dike Margin, 47.000000, 229.000000, 139.000000, 0.943000, SD19, Mon Jan 23 11:37:04 2023, 
e9b7b9667cd8eba19fc087e07b98b00f, Locality 1, 294349663389056e88ec6ee60f4e5d5c, 276815.291182, 1887224.888135, 17.058498, 54.902990, 40Q, 50.901917, 3.790092, 2.500000, Dike Margin, 41.000000, 208.000000, 118.000000, 0.943000, SD19, Mon Jan 23 11:36:48 2023, 
e9b7b9667cd8eba19fc087e07b98b00f, Locality 1, 11cb62aa74799da44ceee6a6ff08b276, 276811.113167, 1887227.893135, 17.058525, 54.902950, 40Q, 50.147522, 3.790092, 2.500000, Dike Margin, 69.000000, 240.000000, 150.000000, 0.943000, SD19, Mon Jan 23 11:36:31 2023, 
e9b7b9667cd8eba19fc087e07b98b00f, Locality 1, cbb687a7f484261a74e7a5cfbf27192d, 276799.027491, 1887253.072197, 17.058751, 54.902834, 40Q, 49.799316, 3.790092, 2.500000, Dike Margin, 67.000000, 218.000000, 128.000000, 0.943000, SD19, Mon Jan 23 11:34:53 2023, 
e9b7b9667cd8eba19fc087e07b98b00f, Locality 1, afd93ece9191d3da53964d00dc4d91e0, 276802.488550, 1887250.829870, 17.058731, 54.902867, 40Q, 52.509705, 3.790092, 2.500000, Dike Margin, 67.000000, 220.000000, 130.000000, 0.943000, SD19, Mon Jan 23 11:34:22 2023, 
e9b7b9667cd8eba19fc087e07b98b00f, Locality 1, 0789f561acea0c4603e74e3f91853599, 276804.540712, 1887248.375742, 17.058709, 54.902887, 40Q, 51.505676, 3.790092, 2.500000, Dike Margin, 63.000000, 224.000000, 134.000000, 0.943000, SD19, Mon Jan 23 11:33:57 2023, 
e9b7b9667cd8eba19fc087e07b98b00f, Locality 1, 5284f7898d7ed4f63618752de2c6c5df, 276805.116845, 1887247.985424, 17.058706, 54.902892, 40Q, 51.248291, 3.790092, 2.500000, Dike Margin, 81.000000, 224.000000, 134.000000, 0.943000, SD19, Mon Jan 23 11:33:46 2023, 
e9b7b9667cd8eba19fc087e07b98b00f, Locality 1, 5296b70166e3a60fc24ff9decfaca7a3, 276805.877837, 1887247.456958, 17.058701, 54.902899, 40Q, 49.036865, 3.790092, 2.500000, Dike Margin, 65.000000, 226.000000, 136.000000, 0.943000, SD19, Mon Jan 23 11:33:38 2023, 
e9b7b9667cd8eba19fc087e07b98b00f, Locality 1, 0d2ff0943cdbf4e46c735381d299c2ea, 276805.986936, 1887246.213730, 17.058690, 54.902900, 40Q, 49.199829, 3.790092, 2.500000, Dike Margin, 68.000000, 231.000000, 141.000000, 0.943000, SD19, Mon Jan 23 11:33:31 2023, 
e9b7b9667cd8eba19fc087e07b98b00f, Locality 1, be3097de999d0c91639b462a086c014f, 276808.528568, 1887241.447354, 17.058647, 54.902925, 40Q, 47.823914, 3.790092, 2.500000, Dike Margin, 63.000000, 225.000000, 135.000000, 0.943000, SD19, Mon Jan 23 11:33:17 2023, 
e9b7b9667cd8eba19fc087e07b98b00f, Locality 1, 839983ca459babaeac51fc5faf544cd1, 276808.232552, 1887242.637239, 17.058658, 54.902922, 40Q, 49.035522, 3.790092, 2.500000, Dike Margin, 71.000000, 222.000000, 132.000000, 0.943000, SD19, Mon Jan 23 11:33:10 2023, 
e9b7b9667cd8eba19fc087e07b98b00f, Locality 1, 548be74d5b5ac803110f2b602a80b8cf, 276807.982466, 1887242.849149, 17.058660, 54.902919, 40Q, 49.337158, 3.790092, 2.500000, Dike Margin, 66.000000, 226.000000, 136.000000, 0.943000, SD19, Mon Jan 23 11:33:04 2023, 
e9b7b9667cd8eba19fc087e07b98b00f, Locality 1, 9a7b4878171c1ca0adf42d582d087a4b, 276807.345607, 1887243.831259, 17.058668, 54.902913, 40Q, 50.961975, 3.790092, 2.500000, Dike Margin, 59.000000, 231.000000, 141.000000, 0.943000, SD19, Mon Jan 23 11:32:57 2023, 
e9b7b9667cd8eba19fc087e07b98b00f, Locality 1, 155b9f6212446fbb840490ff78091998, 277069.615996, 1887328.447629, 17.059458, 54.905368, 40Q, 49.513855, 3.790092, 2.500000, Dike Margin, 70.000000, 244.000000, 154.000000, 0.943000, SD18, Mon Jan 23 11:01:46 2023, 
e9b7b9667cd8eba19fc087e07b98b00f, Locality 1, d78503663cbf6db73a110cc186e3be61, 277065.817451, 1887337.841432, 17.059543, 54.905331, 40Q, 51.718811, 3.790092, 2.500000, Dike Margin, 44.000000, 243.000000, 153.000000, 0.943000, SD18, Mon Jan 23 11:01:19 2023, 
e9b7b9667cd8eba19fc087e07b98b00f, Locality 1, 33a8ea8c5f505b3a2bb014cde05211d8, 277061.472504, 1887346.228194, 17.059618, 54.905290, 40Q, 51.378784, 3.790092, 2.500000, Dike Margin, 76.000000, 222.000000, 132.000000, 0.943000, SD18, Mon Jan 23 10:59:24 2023, 
e9b7b9667cd8eba19fc087e07b98b00f, Locality 1, 9d3aa6c84adf0a26bf45fbef46b886a8, 277061.036647, 1887347.684148, 17.059631, 54.905285, 40Q, 52.578796, 3.790092, 2.500000, Dike Margin, 75.000000, 225.000000, 135.000000, 0.943000, SD18, Mon Jan 23 10:59:10 2023, 
e9b7b9667cd8eba19fc087e07b98b00f, Locality 1, eb2f5e0128ec1546869edfb8bbb386dc, 277054.298219, 1887357.281085, 17.059717, 54.905221, 40Q, 50.066589, 3.790092, 2.500000, Dike Margin, 66.000000, 235.000000, 145.000000, 0.943000, SD18, Mon Jan 23 10:57:28 2023, 
e9b7b9667cd8eba19fc087e07b98b00f, Locality 1, 5473d8a552b1fd20c48a6a56d9af7330, 277000.365859, 1887455.123182, 17.060596, 54.904705, 40Q, 61.155884, 3.790092, 2.500000, Dike Margin, 61.000000, 213.000000, 123.000000, 0.943000, SD17, Mon Jan 23 10:50:30 2023, 
e9b7b9667cd8eba19fc087e07b98b00f, Locality 1, 069b569eaae51ff48cb6e3a6a6e529f3, 277007.998373, 1887450.459381, 17.060554, 54.904777, 40Q, 60.970520, 3.790092, 2.500000, Dike Margin, 61.000000, 213.000000, 123.000000, 0.943000, SD17, Mon Jan 23 10:50:14 2023, 
e9b7b9667cd8eba19fc087e07b98b00f, Locality 1, 88ee5aa1cb2e1614c6b790fdd221a6f3, 277009.035439, 1887447.974103, 17.060532, 54.904787, 40Q, 60.908997, 3.790092, 2.500000, Dike Margin, 46.000000, 240.000000, 150.000000, 0.943000, SD17, Mon Jan 23 10:50:04 2023, 
e9b7b9667cd8eba19fc087e07b98b00f, Locality 1, 2356f4c5e6acf21659d3442525f877c0, 277021.596467, 1887424.514782, 17.060321, 54.904907, 40Q, 61.954529, 3.790092, 2.500000, Dike Margin, 38.000000, 239.000000, 149.000000, 0.943000, SD17, Mon Jan 23 10:42:37 2023, 
e9b7b9667cd8eba19fc087e07b98b00f, Locality 1, b210c0ab392f8c6d3002219e1e37c9b9, 277008.285975, 1887434.596295, 17.060411, 54.904781, 40Q, 57.912537, 3.790092, 2.500000, Dike Margin, 66.000000, 191.000000, 101.000000, 0.943000, SD17, Mon Jan 23 10:40:08 2023, 
e9b7b9667cd8eba19fc087e07b98b00f, Locality 1, 2c87c699de8bf34014c26c0df8a96de5, 277003.202260, 1887439.724245, 17.060457, 54.904733, 40Q, 55.403442, 3.790092, 2.500000, Dike Margin, 72.000000, 213.000000, 123.000000, 0.943000, SD17, Mon Jan 23 10:39:22 2023, 
e9b7b9667cd8eba19fc087e07b98b00f, Locality 1, 6265a3b495683e0d22e6fea0276a6927, 277000.018581, 1887444.593797, 17.060501, 54.904703, 40Q, 57.690857, 3.790092, 2.500000, Dike Margin, 60.000000, 231.000000, 141.000000, 0.943000, SD17, Mon Jan 23 10:39:06 2023, 
e9b7b9667cd8eba19fc087e07b98b00f, Locality 1, 73e1596f01c808787e1dfedc192eb734, 276996.249643, 1887454.954821, 17.060594, 54.904666, 40Q, 58.645874, 3.790092, 2.500000, Dike Margin, 55.000000, 236.000000, 146.000000, 0.943000, SD17, Mon Jan 23 10:38:31 2023, 
e9b7b9667cd8eba19fc087e07b98b00f, Locality 1, f6bc42b29df05c35609e09bf69ac2404, 277020.265826, 1887428.517586, 17.060357, 54.904894, 40Q, 59.972778, 3.790092, 2.500000, Dike Margin, 55.000000, 245.000000, 155.000000, 0.943000, SD17, Mon Jan 23 10:36:58 2023, 
e9b7b9667cd8eba19fc087e07b98b00f, Locality 1, 1cca34f769bd7fb7b55c4d37e5c5e740, 277035.975288, 1887409.898610, 17.060191, 54.905044, 40Q, 57.902344, 3.790092, 2.500000, Dike Margin, 67.000000, 241.000000, 151.000000, 0.943000, SD17, Mon Jan 23 10:36:21 2023, 
e9b7b9667cd8eba19fc087e07b98b00f, Locality 1, 05fed92bbb7963656455cd5442e3de36, 277038.360622, 1887408.028748, 17.060174, 54.905066, 40Q, 57.844360, 3.790092, 2.500000, Dike Margin, 70.000000, 241.000000, 151.000000, 0.943000, SD17, Mon Jan 23 10:36:12 2023, 
e9b7b9667cd8eba19fc087e07b98b00f, Locality 1, 9e4b835b7cd23f2d5580392cf5dcf3c2, 277107.794147, 1887790.061153, 17.063632, 54.905680, 40Q, 62.455505, 3.790092, 2.500000, Dike Margin, 64.000000, 242.000000, 152.000000, 0.943000, SD16, Mon Jan 23 10:14:41 2023, 
e9b7b9667cd8eba19fc087e07b98b00f, Locality 1, 1343a76b60898bb2c5ed35c702722c8e, 277110.166823, 1887787.809515, 17.063612, 54.905702, 40Q, 63.339111, 3.790092, 2.500000, Dike Margin, 67.000000, 247.000000, 157.000000, 0.943000, SD16, Mon Jan 23 10:14:05 2023, 
e9b7b9667cd8eba19fc087e07b98b00f, Locality 1, ff29314428bcd032c63b3b731f4bd249, 277110.365197, 1887784.862765, 17.063585, 54.905705, 40Q, 63.867554, 3.790092, 2.500000, Dike Margin, 52.000000, 244.000000, 154.000000, 0.943000, SD16, Mon Jan 23 10:13:51 2023, 
e9b7b9667cd8eba19fc087e07b98b00f, Locality 1, e2cfc143d699277694a6fc334c533851, 277114.066255, 1887778.696911, 17.063530, 54.905740, 40Q, 66.462708, 3.790092, 2.500000, Dike Margin, 54.000000, 249.000000, 159.000000, 0.943000, SD16, Mon Jan 23 10:12:00 2023, 
e9b7b9667cd8eba19fc087e07b98b00f, Locality 1, b05f309f80694ab7ae543f588208d1e2, 277119.600260, 1887765.625848, 17.063412, 54.905793, 40Q, 67.748291, 3.790092, 2.500000, Dike Margin, 57.000000, 245.000000, 155.000000, 0.943000, SD16, Mon Jan 23 10:11:22 2023, 
e9b7b9667cd8eba19fc087e07b98b00f, Locality 1, 6cca0b648707ef0579359115f41fe41a, 277125.815622, 1887760.086149, 17.063363, 54.905852, 40Q, 68.660889, 3.790092, 2.500000, Dike Margin, 63.000000, 216.000000, 126.000000, 0.943000, SD16, Mon Jan 23 10:09:23 2023, 
e9b7b9667cd8eba19fc087e07b98b00f, Locality 1, 3cbf3c2eeb241f539a451c65068d41ce, 277138.565115, 1887753.806612, 17.063307, 54.905973, 40Q, 68.607056, 3.790092, 2.500000, Dike Margin, 50.000000, 216.000000, 126.000000, 0.943000, SD16, Mon Jan 23 10:08:51 2023, 
e9b7b9667cd8eba19fc087e07b98b00f, Locality 1, 9c808df3a33bf297b4c73a2d015c623e, 277145.031373, 1887729.967730, 17.063093, 54.906036, 40Q, 66.107239, 3.790092, 2.500000, Dike Margin, 61.000000, 261.000000, 171.000000, 0.943000, SD16, Mon Jan 23 10:08:17 2023, 
e9b7b9667cd8eba19fc087e07b98b00f, Locality 1, 0ed2cc06ce45784f3bf4c29853a7ef64, 277143.852130, 1887736.171833, 17.063149, 54.906024, 40Q, 68.212646, 3.790092, 2.500000, Dike Margin, 69.000000, 267.000000, 177.000000, 0.943000, SD16, Mon Jan 23 10:06:54 2023, 
e9b7b9667cd8eba19fc087e07b98b00f, Locality 1, 1e401323168eb11e8e61132b13a71e4f, 277137.138622, 1887757.111921, 17.063337, 54.905959, 40Q, 69.793091, 3.790092, 2.500000, Dike Margin, 42.000000, 217.000000, 127.000000, 0.943000, SD16, Mon Jan 23 10:05:51 2023, 
e9b7b9667cd8eba19fc087e07b98b00f, Locality 1, d7655053f9c34a5eb61b7b3e1ab55242, 277122.099090, 1887769.474644, 17.063447, 54.905816, 40Q, 68.838501, 3.790092, 2.500000, Dike Margin, 74.000000, 266.000000, 176.000000, 0.943000, SD16, Mon Jan 23 10:05:14 2023, 
e9b7b9667cd8eba19fc087e07b98b00f, Locality 1, ba1ff919364394a1967190fffbd95af1, 277118.677951, 1887775.629744, 17.063503, 54.905784, 40Q, 68.286133, 3.790092, 2.500000, Dike Margin, 61.000000, 253.000000, 163.000000, 0.943000, SD16, Mon Jan 23 10:05:00 2023, 
e9b7b9667cd8eba19fc087e07b98b00f, Locality 1, fd61bd7dda9df4f159637a39a4e1c0f5, 277117.648776, 1887779.841853, 17.063540, 54.905774, 40Q, 67.652771, 3.790092, 2.500000, Dike Margin, 58.000000, 255.000000, 165.000000, 0.943000, SD16, Mon Jan 23 10:04:50 2023, 
e9b7b9667cd8eba19fc087e07b98b00f, Locality 1, e7dc4c942bac0ce69313806a1aaec082, 277116.078511, 1887783.144279, 17.063570, 54.905758, 40Q, 66.940979, 3.790092, 2.500000, Dike Margin, 73.000000, 255.000000, 165.000000, 0.943000, SD16, Mon Jan 23 10:04:33 2023, 
e9b7b9667cd8eba19fc087e07b98b00f, Locality 1, 90858632bc160c9219193f83aab9f669, 277110.376090, 1887787.564836, 17.063610, 54.905704, 40Q, 63.687683, 3.790092, 2.500000, Dike Margin, 64.000000, 258.000000, 168.000000, 0.943000, SD16, Mon Jan 23 10:03:59 2023, 
e9b7b9667cd8eba19fc087e07b98b00f, Locality 1, 561f2900899518c0d2e6a279b73418b7, 277209.903499, 1887864.759763, 17.064317, 54.906631, 40Q, 61.753174, 3.790092, 2.500000, Dike Margin, 83.000000, 99.000000, 9.000000, 0.943000, SD15, Mon Jan 23 09:52:45 2023, 
e9b7b9667cd8eba19fc087e07b98b00f, Locality 1, adc968d8a5e26d1cdd071ef71f8611a6, 277209.373939, 1887864.527438, 17.064314, 54.906626, 40Q, 62.619263, 3.790092, 2.500000, Dike Margin, 81.000000, 98.000000, 8.000000, 0.943000, SD15, Mon Jan 23 09:52:38 2023, 
e9b7b9667cd8eba19fc087e07b98b00f, Locality 1, 31b4b33a468faf5bd2550818a1e4feaf, 277208.967556, 1887854.733741, 17.064226, 54.906624, 40Q, 63.569702, 3.790092, 2.500000, Dike Margin, 82.000000, 91.000000, 1.000000, 0.943000, SD15, Mon Jan 23 09:52:20 2023, 
e9b7b9667cd8eba19fc087e07b98b00f, Locality 1, 0a3d9ad2a58061d1535e59d780a718d9, 277208.458299, 1887846.665854, 17.064153, 54.906620, 40Q, 64.034668, 3.790092, 2.500000, Dike Margin, 79.000000, 95.000000, 5.000000, 0.943000, SD15, Mon Jan 23 09:51:56 2023, 
e9b7b9667cd8eba19fc087e07b98b00f, Locality 1, d5e0ee21ddf11d082587e5a95d296da8, 277207.897234, 1887842.999954, 17.064120, 54.906615, 40Q, 64.614868, 3.790092, 2.500000, Dike Margin, 80.000000, 98.000000, 8.000000, 0.943000, SD15, Mon Jan 23 09:51:45 2023, 
e9b7b9667cd8eba19fc087e07b98b00f, Locality 1, 9f6f73d58897e48a869ae51b80d4fa25, 277203.040686, 1887813.014713, 17.063848, 54.906572, 40Q, 69.610901, 3.790092, 2.500000, Dike Margin, 68.000000, 269.000000, 179.000000, 0.943000, SD15, Mon Jan 23 09:50:57 2023, 
e9b7b9667cd8eba19fc087e07b98b00f, Locality 1, 7efdc31b555cc6bf0016af57390f3d08, 277206.365864, 1887812.603774, 17.063845, 54.906603, 40Q, 67.201050, 3.790092, 2.500000, Dike Margin, 59.000000, 301.000000, 211.000000, 0.943000, SD15, Mon Jan 23 09:50:22 2023, 
e9b7b9667cd8eba19fc087e07b98b00f, Locality 1, 4c54d89a0c7db7efcdc7a61bc24f23ef, 277207.030224, 1887817.461912, 17.063889, 54.906609, 40Q, 68.861694, 3.790092, 2.500000, Dike Margin, 88.000000, 102.000000, 12.000000, 0.943000, SD15, Mon Jan 23 09:50:00 2023, 
e9b7b9667cd8eba19fc087e07b98b00f, Locality 1, edaa9368de674874cee6d16678ecfafe, 277210.192253, 1887839.265781, 17.064086, 54.906637, 40Q, 67.016785, 3.790092, 2.500000, Dike Margin, 70.000000, 111.000000, 21.000000, 0.943000, SD15, Mon Jan 23 09:47:44 2023, 
e9b7b9667cd8eba19fc087e07b98b00f, Locality 1, be6d19550daabd33ae47843b4985b402, 277209.627653, 1887843.906845, 17.064128, 54.906631, 40Q, 64.968750, 3.790092, 2.500000, Dike Margin, 79.000000, 108.000000, 18.000000, 0.943000, SD15, Mon Jan 23 09:47:30 2023, 
e9b7b9667cd8eba19fc087e07b98b00f, Locality 1, e5f9e7036325f2354fd803617d106ee7, 277210.506173, 1887847.785205, 17.064163, 54.906639, 40Q, 64.287598, 3.790092, 2.500000, Dike Margin, 85.000000, 105.000000, 15.000000, 0.943000, SD15, Mon Jan 23 09:47:04 2023, 
e9b7b9667cd8eba19fc087e07b98b00f, Locality 1, 29cd3f7bbd225def4ccf9f24718200a3, 277211.047162, 1887848.686035, 17.064171, 54.906644, 40Q, 63.714539, 3.790092, 2.500000, Dike Margin, 70.000000, 121.000000, 31.000000, 0.943000, SD15, Mon Jan 23 09:46:56 2023, 
e9b7b9667cd8eba19fc087e07b98b00f, Locality 1, d3abf37a7fdc3600ab0be6700e09cb9c, 277212.876356, 1887860.886586, 17.064282, 54.906660, 40Q, 63.741882, 3.790092, 2.500000, Dike Margin, 86.000000, 102.000000, 12.000000, 0.943000, SD15, Mon Jan 23 09:46:20 2023, 
e9b7b9667cd8eba19fc087e07b98b00f, Locality 1, 1d3c9a8791fdc2c2b836790a6c8790b4, 277213.379480, 1887862.128778, 17.064293, 54.906664, 40Q, 62.110291, 3.790092, 2.500000, Dike Margin, 49.000000, 81.000000, 351.000000, 0.943000, SD15, Mon Jan 23 09:46:08 2023, 
e9b7b9667cd8eba19fc087e07b98b00f, Locality 1, bc284a0c27d408e61831b8dcaf282040, 277214.059641, 1887864.787138, 17.064317, 54.906670, 40Q, 62.046143, 3.790092, 2.500000, Dike Margin, 73.000000, 101.000000, 11.000000, 0.943000, SD15, Mon Jan 23 09:45:55 2023, 
e9b7b9667cd8eba19fc087e07b98b00f, Locality 1, 078c4b18abe86cc313af47a5bf88bba0, 277213.448763, 1887868.488856, 17.064351, 54.906664, 40Q, 61.822876, 3.790092, 2.500000, Dike Margin, 72.000000, 92.000000, 2.000000, 0.943000, SD15, Mon Jan 23 09:45:39 2023, 
e9b7b9667cd8eba19fc087e07b98b00f, Locality 1, 8dd04b2ef20aebde67b3448287387d87, 277214.200471, 1887870.868592, 17.064372, 54.906671, 40Q, 62.525696, 3.790092, 2.500000, Dike Margin, 68.000000, 102.000000, 12.000000, 0.943000, SD15, Mon Jan 23 09:45:27 2023, 
e9b7b9667cd8eba19fc087e07b98b00f, Locality 1, 5ed4817beb91b58105f163b2139aa9a4, 277216.128711, 1887876.320916, 17.064422, 54.906689, 40Q, 61.637634, 3.790092, 2.500000, Dike Margin, 59.000000, 91.000000, 1.000000, 0.943000, SD15, Mon Jan 23 09:45:06 2023, 
e9b7b9667cd8eba19fc087e07b98b00f, Locality 1, b6a962ec6aa7fef58b4f0ff041183902, 277220.360309, 1887890.134059, 17.064547, 54.906727, 40Q, 60.293457, 3.790092, 2.500000, Dike Margin, 88.000000, 271.000000, 181.000000, 0.943000, SD15, Mon Jan 23 09:44:34 2023, 
e9b7b9667cd8eba19fc087e07b98b00f, Locality 1, eb251ba85e646f8de037373634b8c245, 277220.703219, 1887891.826305, 17.064562, 54.906730, 40Q, 57.642334, 3.790092, 2.500000, Dike Margin, 88.000000, 294.000000, 204.000000, 0.943000, SD15, Mon Jan 23 09:43:36 2023, 
e9b7b9667cd8eba19fc087e07b98b00f, Locality 1, fabb5bdec35fbbb5e4dcceae14a708ea, 277930.518392, 1887059.276073, 17.057110, 54.913480, 40Q, 54.540283, 3.790092, 2.500000, Dike Margin, 65.000000, 244.000000, 154.000000, 0.943000, SD14, Mon Jan 23 09:20:42 2023, 
e9b7b9667cd8eba19fc087e07b98b00f, Locality 1, 8b8818437137beefd3d7bf31e06510b2, 277932.016720, 1887057.793293, 17.057097, 54.913494, 40Q, 54.741760, 3.790092, 2.500000, Dike Margin, 47.000000, 234.000000, 144.000000, 0.943000, SD14, Mon Jan 23 09:20:24 2023, 
e9b7b9667cd8eba19fc087e07b98b00f, Locality 1, e3549f5a8012b1dc3080941dae7bf743, 277934.501812, 1887053.888936, 17.057062, 54.913518, 40Q, 54.931946, 3.790092, 2.500000, Dike Margin, 64.000000, 220.000000, 130.000000, 0.943000, SD14, Mon Jan 23 09:20:09 2023, 
e9b7b9667cd8eba19fc087e07b98b00f, Locality 1, aaec48912d3ba6446d1f60070ce45e78, 277939.559110, 1887050.146387, 17.057028, 54.913566, 40Q, 55.075684, 3.790092, 2.500000, Dike Margin, 63.000000, 232.000000, 142.000000, 0.943000, SD14, Mon Jan 23 09:19:40 2023, 
e9b7b9667cd8eba19fc087e07b98b00f, Locality 1, 02cb89eb5d87bf8ed404bf8152ce1a36, 277941.210781, 1887047.169742, 17.057002, 54.913582, 40Q, 54.523560, 3.790092, 2.500000, Dike Margin, 55.000000, 221.000000, 131.000000, 0.943000, SD14, Mon Jan 23 09:19:25 2023, 
e9b7b9667cd8eba19fc087e07b98b00f, Locality 1, 82a605f2712e4a7503f8ae702779eab5, 277940.297917, 1887042.556689, 17.056960, 54.913574, 40Q, 52.269043, 3.790092, 2.500000, Dike Margin, 57.000000, 219.000000, 129.000000, 0.943000, SD14, Mon Jan 23 09:19:03 2023, 
e9b7b9667cd8eba19fc087e07b98b00f, Locality 1, 8e9305851aa9d52962aa2e211a51c954, 277940.224016, 1887041.619855, 17.056951, 54.913573, 40Q, 52.267700, 3.790092, 2.500000, Dike Margin, 52.000000, 220.000000, 130.000000, 0.943000, SD14, Mon Jan 23 09:16:04 2023, 
e9b7b9667cd8eba19fc087e07b98b00f, Locality 1, 5cebb37ac6a5a2830ad2a99eb1c09ab4, 277940.884757, 1887041.173318, 17.056947, 54.913579, 40Q, 52.043640, 3.790092, 2.500000, Dike Margin, 49.000000, 218.000000, 128.000000, 0.943000, SD14, Mon Jan 23 09:15:52 2023, 
e9b7b9667cd8eba19fc087e07b98b00f, Locality 1, fc2fb8b30dfb53183156041967ba2bf9, 277947.205038, 1887038.636076, 17.056925, 54.913639, 40Q, 50.214600, 3.790092, 2.500000, Dike Margin, 50.000000, 227.000000, 137.000000, 0.943000, SD14, Mon Jan 23 09:15:26 2023, 
e9b7b9667cd8eba19fc087e07b98b00f, Locality 1, 56b59421d40baa1ab6f01c8d4347553c, 277947.527472, 1887040.808981, 17.056945, 54.913642, 40Q, 51.918518, 3.790092, 2.500000, Dike Margin, 67.000000, 224.000000, 134.000000, 0.943000, SD14, Mon Jan 23 09:15:12 2023, 
e9b7b9667cd8eba19fc087e07b98b00f, Locality 1, 9b324c188f0ecb659d25f335ddbd792b, 277943.784052, 1887046.434874, 17.056995, 54.913606, 40Q, 53.576172, 3.790092, 2.500000, Dike Margin, 58.000000, 224.000000, 134.000000, 0.943000, SD14, Mon Jan 23 09:14:46 2023, 
e9b7b9667cd8eba19fc087e07b98b00f, Locality 1, 0e1e74c284fbb3900fe5aa1236e80169, 277943.228290, 1887047.438215, 17.057004, 54.913601, 40Q, 53.484375, 3.790092, 2.500000, Dike Margin, 49.000000, 203.000000, 113.000000, 0.943000, SD14, Mon Jan 23 09:14:36 2023, 
e9b7b9667cd8eba19fc087e07b98b00f, Locality 1, f5f0070922ba05a0b27e40e2d3e734ff, 277942.330925, 1887048.261445, 17.057012, 54.913592, 40Q, 54.760925, 3.790092, 2.500000, Dike Margin, 53.000000, 226.000000, 136.000000, 0.943000, SD14, Mon Jan 23 09:14:21 2023, 
e9b7b9667cd8eba19fc087e07b98b00f, Locality 1, e9a459a6cff8973efedb1ad5dea7f4eb, 277939.856454, 1887051.665327, 17.057042, 54.913568, 40Q, 54.201965, 3.790092, 2.500000, Dike Margin, 57.000000, 249.000000, 159.000000, 0.943000, SD14, Mon Jan 23 09:14:07 2023, 
e9b7b9667cd8eba19fc087e07b98b00f, Locality 1, ad978ea674326ba0764648cd95d47365, 277938.897465, 1887054.294723, 17.057066, 54.913559, 40Q, 53.595398, 3.790092, 2.500000, Dike Margin, 41.000000, 216.000000, 126.000000, 0.943000, SD14, Mon Jan 23 09:13:48 2023, 
e9b7b9667cd8eba19fc087e07b98b00f, Locality 1, f2e4946bc9a9892d04f6e1b9ae315318, 277934.781234, 1887055.424671, 17.057076, 54.913520, 40Q, 53.094116, 3.790092, 2.500000, Dike Margin, 66.000000, 228.000000, 138.000000, 0.943000, SD14, Mon Jan 23 09:13:21 2023, 
e9b7b9667cd8eba19fc087e07b98b00f, Locality 1, 77742289e5e7bba34e530d6f7ec6c8ca, 277934.690332, 1887056.284670, 17.057083, 54.913519, 40Q, 53.911133, 3.790092, 2.500000, Dike Margin, 53.000000, 240.000000, 150.000000, 0.943000, SD14, Mon Jan 23 09:13:15 2023, 
e9b7b9667cd8eba19fc087e07b98b00f, Locality 1, 196306286cffc4dc520649b1881d53dd, 277933.902452, 1887058.484938, 17.057103, 54.913512, 40Q, 54.016174, 3.790092, 2.500000, Dike Margin, 56.000000, 230.000000, 140.000000, 0.943000, SD14, Mon Jan 23 09:12:49 2023, 
e9b7b9667cd8eba19fc087e07b98b00f, Locality 1, 2b5f01c5c2fbc165c9241e598aff810d, 277928.194836, 1887066.837320, 17.057178, 54.913457, 40Q, 54.810364, 3.790092, 2.500000, Fault, 49.000000, 221.000000, 131.000000, 0.943000, Fault, Mon Jan 23 09:11:08 2023, 
e9b7b9667cd8eba19fc087e07b98b00f, Locality 1, 8da2d0ae845a59d13eb95f2a3ebeb68a, 277928.238273, 1887069.108408, 17.057199, 54.913458, 40Q, 51.112488, 3.790092, 2.500000, Dike Margin, 55.000000, 227.000000, 137.000000, 0.943000, SD14, Mon Jan 23 09:08:41 2023, 
e9b7b9667cd8eba19fc087e07b98b00f, Locality 1, 0701072d9710fc1921ee38eebfe53050, 277925.297495, 1887071.822083, 17.057223, 54.913430, 40Q, 50.272461, 3.790092, 2.500000, Dike Margin, 56.000000, 222.000000, 132.000000, 0.943000, SD14, Mon Jan 23 09:08:22 2023, 
e9b7b9667cd8eba19fc087e07b98b00f, Locality 1, a2385beb00b08d4d1eaeab2aa8447ec3, 277922.824061, 1887071.237456, 17.057217, 54.913407, 40Q, 45.611145, 3.790092, 2.500000, Dike Margin, 55.000000, 216.000000, 126.000000, 0.943000, SD14, Mon Jan 23 09:08:06 2023, 
e9b7b9667cd8eba19fc087e07b98b00f, Locality 1, 988d850e784024810aa8fe78974a4855, 278322.938180, 1885822.118506, 17.045972, 54.917289, 40Q, 29.768982, 3.790092, 2.500000, Dike Margin, 61.000000, 229.000000, 139.000000, 0.943000, SD13, Mon Jan 23 08:54:14 2023, 
e9b7b9667cd8eba19fc087e07b98b00f, Locality 1, bd55e153ee49ede7f01d4a8f20471af1, 278317.409621, 1885826.441570, 17.046010, 54.917237, 40Q, 31.597961, 3.790092, 2.500000, Dike Margin, 52.000000, 209.000000, 119.000000, 0.943000, SD13, Mon Jan 23 08:54:01 2023, 
e9b7b9667cd8eba19fc087e07b98b00f, Locality 1, 141a3a83450284f3521d27ef20ff1bf2, 278291.852657, 1885829.252370, 17.046033, 54.916997, 40Q, 27.484375, 3.790092, 2.500000, Dike Margin, 59.000000, 214.000000, 124.000000, 0.943000, SD13, Mon Jan 23 08:52:42 2023, 
e9b7b9667cd8eba19fc087e07b98b00f, Locality 1, af6d7b70430fe1110b7de9622ec917be, 278293.139512, 1885828.798068, 17.046029, 54.917009, 40Q, 26.881897, 3.790092, 2.500000, Dike Margin, 66.000000, 211.000000, 121.000000, 0.943000, SD13, Mon Jan 23 08:52:33 2023, 
e9b7b9667cd8eba19fc087e07b98b00f, Locality 1, 17808ebed345ed2e2ec538f7aa4cd75b, 278293.822075, 1885827.697084, 17.046019, 54.917015, 40Q, 27.778992, 3.790092, 2.500000, Dike Margin, 66.000000, 209.000000, 119.000000, 0.943000, SD13, Mon Jan 23 08:52:26 2023, 
e9b7b9667cd8eba19fc087e07b98b00f, Locality 1, 86e2cc6affeddaf085e3cd9a1b0fb246, 278293.773905, 1885827.973238, 17.046022, 54.917015, 40Q, 27.863953, 3.790092, 2.500000, Dike Margin, 65.000000, 215.000000, 125.000000, 0.943000, SD13, Mon Jan 23 08:52:21 2023, 
e9b7b9667cd8eba19fc087e07b98b00f, Locality 1, c948579eb255158310984dee8dbf2e70, 278295.728461, 1885827.021420, 17.046014, 54.917033, 40Q, 27.994080, 3.790092, 2.500000, Dike Margin, 75.000000, 223.000000, 133.000000, 0.943000, SD13, Mon Jan 23 08:52:13 2023, 
e9b7b9667cd8eba19fc087e07b98b00f, Locality 1, 72b700eb9b5ed235b7acfd4549803e35, 278295.155132, 1885827.581028, 17.046019, 54.917028, 40Q, 27.430237, 3.790092, 2.500000, Dike Margin, 65.000000, 215.000000, 125.000000, 0.943000, SD13, Mon Jan 23 08:52:06 2023, 
e9b7b9667cd8eba19fc087e07b98b00f, Locality 1, fedf71a0f9b601d59dfc5ec608956612, 278299.291733, 1885824.841403, 17.045994, 54.917067, 40Q, 27.665344, 3.790092, 2.500000, Dike Margin, 88.000000, 42.000000, 312.000000, 0.943000, SD13, Mon Jan 23 08:51:44 2023, 
e9b7b9667cd8eba19fc087e07b98b00f, Locality 1, 3b97414af587ae260d879ec3273e8a1c, 278299.543628, 1885824.097034, 17.045988, 54.917069, 40Q, 26.011292, 3.790092, 2.500000, Dike Margin, 79.000000, 210.000000, 120.000000, 0.943000, SD13, Mon Jan 23 08:51:37 2023, 
e9b7b9667cd8eba19fc087e07b98b00f, Locality 1, e30a90b902630dbb884556c4cd458e5b, 278302.758325, 1885824.480096, 17.045991, 54.917099, 40Q, 25.150024, 3.790092, 2.689646, Dike Margin, 73.000000, 243.000000, 153.000000, 0.943000, SD13, Mon Jan 23 08:51:30 2023, 
e9b7b9667cd8eba19fc087e07b98b00f, Locality 1, 4dea899044f18e941a1e77a4c34ea556, 278323.267296, 1885806.142235, 17.045828, 54.917294, 40Q, 27.166870, 3.790092, 2.500000, Dike Margin, 60.000000, 204.000000, 114.000000, 0.943000, SD13, Mon Jan 23 08:37:33 2023, 
e9b7b9667cd8eba19fc087e07b98b00f, Locality 1, d03de8c165947201942d8e73cf3e8438, 278333.326673, 1885798.198617, 17.045757, 54.917389, 40Q, 26.971802, 3.790092, 2.500000, Dike Margin, 71.000000, 223.000000, 133.000000, 0.943000, SD13, Mon Jan 23 08:36:59 2023, 
e9b7b9667cd8eba19fc087e07b98b00f, Locality 1, 19d43d80cdb63957c7b8e6e79147f41b, 278355.240934, 1885784.918043, 17.045639, 54.917596, 40Q, 30.756165, 3.790092, 2.500000, Dike Margin, 54.000000, 202.000000, 112.000000, 0.943000, SD13, Mon Jan 23 08:34:26 2023, 
e9b7b9667cd8eba19fc087e07b98b00f, Locality 1, 81507217dcf54e789409ec3f17f35b05, 278379.517916, 1885771.611208, 17.045521, 54.917826, 40Q, 33.785461, 3.790092, 2.500000, Dike Margin, 71.000000, 229.000000, 139.000000, 0.943000, SD13, Mon Jan 23 08:33:40 2023, 
e9b7b9667cd8eba19fc087e07b98b00f, Locality 1, b992b39e0bd204c47640af52f67b4e41, 278394.878840, 1885764.216649, 17.045456, 54.917971, 40Q, 35.040588, 3.790092, 2.500000, Dike Margin, 66.000000, 224.000000, 134.000000, 0.943000, SD13, Mon Jan 23 08:33:04 2023, 
e9b7b9667cd8eba19fc087e07b98b00f, Locality 1, 72b5d0d8e6ab9a6e27403bca6ea2ab97, 278405.709704, 1885757.016498, 17.045392, 54.918073, 40Q, 33.841797, 3.790092, 2.500000, Dike Margin, 73.000000, 208.000000, 118.000000, 0.943000, SD13, Mon Jan 23 08:32:35 2023, 
e9b7b9667cd8eba19fc087e07b98b00f, Locality 1, 7f67cb2b4e926f71fa6ea4ca9415c7cd, 278416.273181, 1885763.397537, 17.045450, 54.918172, 40Q, 40.832214, 3.790092, 2.500000, Dike Margin, 58.000000, 210.000000, 120.000000, 0.943000, SD13, Mon Jan 23 08:29:35 2023, 
e9b7b9667cd8eba19fc087e07b98b00f, Locality 1, 728f452479bbe18f75a588bc1345d17b, 278411.167750, 1885767.658499, 17.045488, 54.918123, 40Q, 39.518860, 3.790092, 2.500000, Dike Margin, 49.000000, 215.000000, 125.000000, 0.943000, SD13, Mon Jan 23 08:29:17 2023, 
e9b7b9667cd8eba19fc087e07b98b00f, Locality 1, c51e1fd5e19e1419a4a93d36b8533a96, 278402.702888, 1885773.943416, 17.045544, 54.918043, 40Q, 42.206177, 3.790092, 2.500000, Dike Margin, 55.000000, 216.000000, 126.000000, 0.943000, SD13, Mon Jan 23 08:28:58 2023, 
e9b7b9667cd8eba19fc087e07b98b00f, Locality 1, c35e3ca94397237e017e29109dd870bf, 278401.064243, 1885774.362715, 17.045548, 54.918028, 40Q, 42.037964, 3.790092, 2.500000, Dike Margin, 34.000000, 190.000000, 100.000000, 0.943000, SD13, Mon Jan 23 08:28:48 2023, 
e9b7b9667cd8eba19fc087e07b98b00f, Locality 1, d629b16134ac0cf6ab96583ea09ef742, 278393.629200, 1885777.656645, 17.045577, 54.917957, 40Q, 39.516602, 3.790092, 2.500000, Dike Margin, 72.000000, 224.000000, 134.000000, 0.943000, SD13, Mon Jan 23 08:28:33 2023, 
e9b7b9667cd8eba19fc087e07b98b00f, Locality 1, 917fb6caaca538c86394375cffbe1cea, 278366.461301, 1885794.082777, 17.045723, 54.917701, 40Q, 37.088745, 3.790092, 2.500000, Dike Margin, 64.000000, 222.000000, 132.000000, 0.943000, SD13, Mon Jan 23 08:27:47 2023, 
e9b7b9667cd8eba19fc087e07b98b00f, Locality 1, 4c671d149d3a595728ffdf847b73135e, 278359.868474, 1885797.665525, 17.045755, 54.917638, 40Q, 34.949341, 3.790092, 2.500000, Dike Margin, 83.000000, 212.000000, 122.000000, 0.943000, SD13, Mon Jan 23 08:27:29 2023, 
e9b7b9667cd8eba19fc087e07b98b00f, Locality 1, f34d45cab561bace28b3cbc6fb3e326c, 278345.950072, 1885805.519637, 17.045824, 54.917507, 40Q, 34.169189, 3.790092, 2.500000, Dike Margin, 77.000000, 205.000000, 115.000000, 0.943000, SD13, Mon Jan 23 08:26:53 2023, 
e9b7b9667cd8eba19fc087e07b98b00f, Locality 1, 4886ba7ea558b76b0b1fc5fa6180dd49, 278158.967397, 1885452.208149, 17.042615, 54.915786, 40Q, 39.350525, 3.790092, 2.500000, Dike Margin, 82.000000, 226.000000, 136.000000, 0.943000, SD12, Mon Jan 23 08:01:04 2023, 
e9b7b9667cd8eba19fc087e07b98b00f, Locality 1, 0d49a76096040711fc8493bb5e4ba60e, 278160.641640, 1885446.038743, 17.042559, 54.915803, 40Q, 37.452881, 3.790092, 2.500000, Dike Margin, 87.000000, 235.000000, 145.000000, 0.943000, SD12, Mon Jan 23 08:00:39 2023, 
e9b7b9667cd8eba19fc087e07b98b00f, Locality 1, 99788e7e302e0195dfcdb83b93c291b9, 278161.477441, 1885444.128018, 17.042542, 54.915811, 40Q, 37.389954, 3.790092, 2.500000, Dike Margin, 90.000000, 68.000000, 338.000000, 0.943000, SD12, Mon Jan 23 08:00:29 2023, 
e9b7b9667cd8eba19fc087e07b98b00f, Locality 1, b25c79357424fb47053eb422c19ab138, 278163.734198, 1885440.755300, 17.042512, 54.915832, 40Q, 35.763245, 3.790092, 2.500000, Dike Margin, 80.000000, 243.000000, 153.000000, 0.943000, SD12, Mon Jan 23 08:00:15 2023, 
e9b7b9667cd8eba19fc087e07b98b00f, Locality 1, c596846fa8a95eeb18a30bd50e601dc4, 278164.582125, 1885438.883191, 17.042495, 54.915841, 40Q, 35.317078, 3.790092, 2.500000, Dike Margin, 80.000000, 237.000000, 147.000000, 0.943000, SD12, Mon Jan 23 08:00:05 2023, 
e9b7b9667cd8eba19fc087e07b98b00f, Locality 1, 1049ce5b929964af12c62ce68fddd175, 278165.904627, 1885436.876502, 17.042477, 54.915853, 40Q, 36.108826, 3.790092, 2.500000, Dike Margin, 77.000000, 258.000000, 168.000000, 0.943000, SD12, Mon Jan 23 07:59:54 2023, 
e9b7b9667cd8eba19fc087e07b98b00f, Locality 1, 16256475ff3163b6aafb9bb63504978a, 278166.658216, 1885435.444874, 17.042464, 54.915860, 40Q, 35.045044, 3.790092, 2.500000, Dike Margin, 71.000000, 257.000000, 167.000000, 0.943000, SD12, Mon Jan 23 07:59:43 2023, 
e9b7b9667cd8eba19fc087e07b98b00f, Locality 1, b071d457a64951bec99e92da4d38ecc8, 278166.552759, 1885433.744554, 17.042448, 54.915860, 40Q, 34.788757, 3.790092, 2.500000, Dike Margin, 61.000000, 209.000000, 119.000000, 0.943000, SD12, Mon Jan 23 07:59:31 2023, 
e9b7b9667cd8eba19fc087e07b98b00f, Locality 1, b6cedffc44ed1770ea7f852e008ec8cd, 278168.428123, 1885431.554850, 17.042429, 54.915877, 40Q, 34.722107, 3.790092, 2.500000, Dike Margin, 64.000000, 207.000000, 117.000000, 0.943000, SD12, Mon Jan 23 07:59:21 2023, 
e9b7b9667cd8eba19fc087e07b98b00f, Locality 1, 011d124f0ef8f29271b7f634d2ac5f13, 278169.611917, 1885431.220090, 17.042426, 54.915889, 40Q, 35.185730, 3.790092, 2.500000, Dike Margin, 68.000000, 206.000000, 116.000000, 0.943000, SD12, Mon Jan 23 07:59:14 2023, 
e9b7b9667cd8eba19fc087e07b98b00f, Locality 1, eed255be755074fa468aff6c54af95cb, 278173.280010, 1885428.777691, 17.042404, 54.915923, 40Q, 34.742615, 3.790092, 2.500000, Dike Margin, 74.000000, 205.000000, 115.000000, 0.943000, SD12, Mon Jan 23 07:58:56 2023, 
e9b7b9667cd8eba19fc087e07b98b00f, Locality 1, 7bca5eff4f9d7a655d566f8519011273, 278174.141303, 1885428.058924, 17.042398, 54.915931, 40Q, 36.125549, 3.790092, 2.500000, Dike Margin, 86.000000, 218.000000, 128.000000, 0.943000, SD12, Mon Jan 23 07:58:47 2023, 
e9b7b9667cd8eba19fc087e07b98b00f, Locality 1, 70ba63474155e6ccfebfbd8293a503c1, 278174.919248, 1885425.815612, 17.042378, 54.915939, 40Q, 35.787720, 3.790092, 2.500000, Dike Margin, 81.000000, 238.000000, 148.000000, 0.943000, SD12, Mon Jan 23 07:58:33 2023, 
e9b7b9667cd8eba19fc087e07b98b00f, Locality 1, 26c4436a54e0f8e18ff59cf5d759777d, 278176.550281, 1885424.680157, 17.042368, 54.915954, 40Q, 37.074707, 3.790092, 2.500000, Dike Margin, 73.000000, 247.000000, 157.000000, 0.943000, SD12, Mon Jan 23 07:58:21 2023, 
e9b7b9667cd8eba19fc087e07b98b00f, Locality 1, 0590b5fa00f6149dc18e4963cad25801, 278178.271157, 1885422.582875, 17.042349, 54.915971, 40Q, 37.170410, 3.790092, 2.500000, Dike Margin, 83.000000, 226.000000, 136.000000, 0.943000, SD12, Mon Jan 23 07:58:11 2023, 
e9b7b9667cd8eba19fc087e07b98b00f, Locality 1, 78346938db6f42bc40b2f9806b91d4c2, 278181.387665, 1885419.943781, 17.042325, 54.916000, 40Q, 38.482788, 3.790092, 2.500000, Dike Margin, 53.000000, 223.000000, 133.000000, 0.943000, SD12, Mon Jan 23 07:57:52 2023, 
e9b7b9667cd8eba19fc087e07b98b00f, Locality 1, 9192a0f53400f74c721cc56175fabb82, 278183.651582, 1885417.741079, 17.042306, 54.916022, 40Q, 36.461304, 3.790092, 2.500000, Dike Margin, 65.000000, 239.000000, 149.000000, 0.943000, SD12, Mon Jan 23 07:57:35 2023, 
e9b7b9667cd8eba19fc087e07b98b00f, Locality 1, 3dbe2fa0761c7440f5e3bd5742da55d7, 278184.395883, 1885415.937602, 17.042289, 54.916029, 40Q, 34.877258, 3.790092, 2.500000, Dike Margin, 68.000000, 252.000000, 162.000000, 0.943000, SD12, Mon Jan 23 07:57:17 2023, 
e9b7b9667cd8eba19fc087e07b98b00f, Locality 1, bc871746c94b96349cd13fa1ee6ead3e, 278184.226442, 1885415.926125, 17.042289, 54.916027, 40Q, 34.330139, 3.790092, 2.500000, Dike Margin, 69.000000, 243.000000, 153.000000, 0.943000, SD12, Mon Jan 23 07:57:06 2023, 
e9b7b9667cd8eba19fc087e07b98b00f, Locality 1, 4fb630082e5c2b8c05e392e62c9b073c, 278184.104235, 1885414.652175, 17.042278, 54.916026, 40Q, 33.939514, 3.790092, 2.500000, Dike Margin, 76.000000, 227.000000, 137.000000, 0.943000, SD12, Mon Jan 23 07:56:59 2023, 
e9b7b9667cd8eba19fc087e07b98b00f, Locality 1, e07ce87586e9f473698e686df8e68b82, 278185.392016, 1885413.183856, 17.042265, 54.916039, 40Q, 33.476013, 3.790092, 2.500000, Dike Margin, 78.000000, 218.000000, 128.000000, 0.943000, SD12, Mon Jan 23 07:56:47 2023, 
e9b7b9667cd8eba19fc087e07b98b00f, Locality 1, c6cd8275fa286e0644027f2637d218cf, 278184.800993, 1885411.186506, 17.042246, 54.916033, 40Q, 33.748901, 3.790092, 2.500000, Dike Margin, 62.000000, 220.000000, 130.000000, 0.943000, SD12, Mon Jan 23 07:56:35 2023, 
e9b7b9667cd8eba19fc087e07b98b00f, Locality 1, 5cfb9f2532369f47103f598d39bfb557, 278186.313617, 1885410.830528, 17.042243, 54.916047, 40Q, 34.437561, 3.790092, 2.500000, Dike Margin, 84.000000, 251.000000, 161.000000, 0.943000, SD12, Mon Jan 23 07:56:24 2023, 
e9b7b9667cd8eba19fc087e07b98b00f, Locality 1, 0069bf09b83e7bf072348eb7c37ca826, 278186.869527, 1885410.833455, 17.042243, 54.916053, 40Q, 33.574707, 3.790092, 2.500000, Dike Margin, 77.000000, 253.000000, 163.000000, 0.943000, SD12, Mon Jan 23 07:56:16 2023, 
e9b7b9667cd8eba19fc087e07b98b00f, Locality 1, 7f6d5c22ccaf100163fea04991b5d3aa, 278187.061343, 1885409.747666, 17.042234, 54.916055, 40Q, 34.391602, 3.790092, 2.500000, Dike Margin, 75.000000, 233.000000, 143.000000, 0.943000, SD12, Mon Jan 23 07:56:07 2023, 
e9b7b9667cd8eba19fc087e07b98b00f, Locality 1, db1eb2e85cbb5bd380c532d0b51855a5, 278187.012879, 1885408.498390, 17.042222, 54.916054, 40Q, 34.266357, 3.790092, 2.500000, Dike Margin, 76.000000, 215.000000, 125.000000, 0.943000, SD12, Mon Jan 23 07:55:53 2023, 
e9b7b9667cd8eba19fc087e07b98b00f, Locality 1, 36eda280202e866a2ea349a5ffd61edc, 278189.044208, 1885406.553884, 17.042205, 54.916073, 40Q, 32.038452, 3.790092, 2.500000, Dike Margin, 87.000000, 248.000000, 158.000000, 0.943000, SD12, Mon Jan 23 07:55:28 2023, 
e9b7b9667cd8eba19fc087e07b98b00f, Locality 1, cf7ebbea41ba17e01125b4705e0cb618, 278190.961554, 1885401.410284, 17.042159, 54.916092, 40Q, 30.758911, 3.790092, 2.500000, Dike Margin, 49.000000, 247.000000, 157.000000, 0.943000, SD12, Mon Jan 23 07:54:39 2023, 
e9b7b9667cd8eba19fc087e07b98b00f, Locality 1, f9b66f1fbbfbb4be4ff2590ae91513c0, 278190.469912, 1885399.345454, 17.042140, 54.916088, 40Q, 27.531006, 3.790092, 2.500000, Dike Margin, 45.000000, 263.000000, 173.000000, 0.943000, SD12, Mon Jan 23 07:53:57 2023, 
e9b7b9667cd8eba19fc087e07b98b00f, Locality 1, 2fcb9456386310cbccb81ede2facaef2, 278198.739986, 1885427.010625, 17.042391, 54.916162, 40Q, 38.065308, 3.790092, 2.500000, Dike Margin, 62.000000, 216.000000, 126.000000, 0.943000, SD11, Mon Jan 23 07:49:20 2023, 
e9b7b9667cd8eba19fc087e07b98b00f, Locality 1, 3142046d8edd5c9c47ff9942becf3026, 278178.431131, 1885457.852110, 17.042667, 54.915969, 40Q, 42.118469, 3.790092, 2.500000, Dike Margin, 59.000000, 221.000000, 131.000000, 0.943000, SD11, Mon Jan 23 07:48:33 2023, 
e9b7b9667cd8eba19fc087e07b98b00f, Locality 1, a88bb1808fc0d7f34c96fa12eefbd10b, 278165.805647, 1885460.744282, 17.042692, 54.915850, 40Q, 44.753784, 3.790092, 2.500000, Dike Margin, 48.000000, 196.000000, 106.000000, 0.943000, SD11, Mon Jan 23 07:48:04 2023, 
e9b7b9667cd8eba19fc087e07b98b00f, Locality 1, 15b6cb399fd666e1a06573bcec0b5c82, 278155.638698, 1885466.501698, 17.042743, 54.915754, 40Q, 44.785156, 3.790092, 2.500000, Dike Margin, 54.000000, 189.000000, 99.000000, 0.943000, SD11, Mon Jan 23 07:47:44 2023, 
e9b7b9667cd8eba19fc087e07b98b00f, Locality 1, bc86e36948d7e5c46759e47a70c66353, 278150.489777, 1885465.890210, 17.042737, 54.915705, 40Q, 42.652954, 3.790092, 2.500000, Dike Margin, 50.000000, 191.000000, 101.000000, 0.943000, SD11, Mon Jan 23 07:47:30 2023, 
e9b7b9667cd8eba19fc087e07b98b00f, Locality 1, 57ebbd733463c64049e178c098a46055, 278134.657435, 1885467.741719, 17.042753, 54.915557, 40Q, 41.955444, 3.790092, 2.500000, Dike Margin, 57.000000, 206.000000, 116.000000, 0.943000, SD11, Mon Jan 23 07:47:08 2023, 
e9b7b9667cd8eba19fc087e07b98b00f, Locality 1, a76e3cab1451319e326f4bad14b00e82, 278126.421621, 1885470.248351, 17.042774, 54.915479, 40Q, 42.304626, 3.790092, 2.500000, Dike Margin, 57.000000, 190.000000, 100.000000, 0.943000, SD11, Mon Jan 23 07:46:49 2023, 
e9b7b9667cd8eba19fc087e07b98b00f, Locality 1, a33d2122616d52d0ba605ee3ffa4b493, 278115.341193, 1885474.626260, 17.042813, 54.915375, 40Q, 40.433716, 3.790092, 2.500000, Dike Margin, 59.000000, 191.000000, 101.000000, 0.943000, SD11, Mon Jan 23 07:46:30 2023, 
e9b7b9667cd8eba19fc087e07b98b00f, Locality 1, d54abf78d77a53c032c589b60f83e048, 278115.793633, 1885469.222637, 17.042764, 54.915379, 40Q, 38.344177, 3.790092, 2.500000, Dike Margin, 60.000000, 190.000000, 100.000000, 0.943000, SD11, Mon Jan 23 07:45:04 2023, 
e9b7b9667cd8eba19fc087e07b98b00f, Locality 1, 583731b994ee630d417d00e9f7431709, 278127.330402, 1885465.496306, 17.042732, 54.915488, 40Q, 38.519348, 3.790092, 2.500000, Dike Margin, 84.000000, 204.000000, 114.000000, 0.943000, SD11, Mon Jan 23 07:44:45 2023, 
e9b7b9667cd8eba19fc087e07b98b00f, Locality 1, c33efe15129679095f1fa1984c2141d1, 278129.226113, 1885465.314463, 17.042730, 54.915506, 40Q, 38.325989, 3.790092, 2.500000, Dike Margin, 67.000000, 203.000000, 113.000000, 0.943000, SD11, Mon Jan 23 07:44:37 2023, 
e9b7b9667cd8eba19fc087e07b98b00f, Locality 1, d237210c54431100c692e2c4639e2886, 278142.504759, 1885464.754373, 17.042726, 54.915631, 40Q, 39.037720, 3.790092, 2.500000, Dike Margin, 69.000000, 216.000000, 126.000000, 0.943000, SD11, Mon Jan 23 07:44:15 2023, 
e9b7b9667cd8eba19fc087e07b98b00f, Locality 1, 5edf1dfdb1834becccc60efd7363a77d, 278153.236107, 1885462.890859, 17.042710, 54.915732, 40Q, 38.209534, 3.790092, 2.500000, Dike Margin, 50.000000, 203.000000, 113.000000, 0.943000, SD11, Mon Jan 23 07:43:38 2023, 
e9b7b9667cd8eba19fc087e07b98b00f, Locality 1, 487dc6518a86738d3f75a51410110f4f, 278163.203192, 1885458.962109, 17.042676, 54.915826, 40Q, 39.211731, 3.790092, 2.500000, Dike Margin, 47.000000, 182.000000, 92.000000, 0.943000, SD11, Mon Jan 23 07:43:20 2023, 
e9b7b9667cd8eba19fc087e07b98b00f, Locality 1, 740066d29b3d5901b0ae5473194c4710, 278164.904031, 1885458.580875, 17.042673, 54.915842, 40Q, 39.816223, 3.790092, 2.500000, Dike Margin, 53.000000, 189.000000, 99.000000, 0.943000, SD11, Mon Jan 23 07:43:12 2023, 
e9b7b9667cd8eba19fc087e07b98b00f, Locality 1, 65adef9e7c280d9e5db29758dc9aee49, 278168.231184, 1885457.820309, 17.042666, 54.915873, 40Q, 40.346069, 3.790092, 2.500000, Dike Margin, 45.000000, 189.000000, 99.000000, 0.943000, SD11, Mon Jan 23 07:43:03 2023, 
e9b7b9667cd8eba19fc087e07b98b00f, Locality 1, 87eae23a5823a3e16bc27bc220eacb8e, 278184.951415, 1885449.555416, 17.042593, 54.916031, 40Q, 39.020020, 3.790092, 2.500000, Dike Margin, 33.000000, 259.000000, 169.000000, 0.943000, SD11, Mon Jan 23 07:42:24 2023, 
e9b7b9667cd8eba19fc087e07b98b00f, Locality 1, 3e89f59b0fc15f5f9aea6c350763da3a, 278221.829257, 1885403.649344, 17.042182, 54.916382, 40Q, 33.397461, 3.790092, 2.500000, Dike Margin, 68.000000, 211.000000, 121.000000, 0.943000, SD11, Mon Jan 23 07:31:02 2023, 
e9b7b9667cd8eba19fc087e07b98b00f, Locality 1, 69bc68b43f80a7096408bc08237306eb, 278220.759683, 1885404.609440, 17.042191, 54.916371, 40Q, 34.497803, 3.790092, 2.500000, Dike Margin, 63.000000, 200.000000, 110.000000, 0.943000, SD11, Mon Jan 23 07:30:48 2023, 
e9b7b9667cd8eba19fc087e07b98b00f, Locality 1, 3388c2828716233ed75e04c3f4a349fe, 278217.521026, 1885405.880482, 17.042202, 54.916341, 40Q, 35.308960, 3.790092, 2.500000, Dike Margin, 72.000000, 197.000000, 107.000000, 0.943000, SD11, Mon Jan 23 07:30:35 2023, 
e9b7b9667cd8eba19fc087e07b98b00f, Locality 1, 5ae786a49d10354ce128115c2239991d, 278215.531142, 1885409.514917, 17.042234, 54.916322, 40Q, 34.687134, 3.790092, 2.500000, Dike Margin, 59.000000, 204.000000, 114.000000, 0.943000, SD11, Mon Jan 23 07:30:23 2023, 
e9b7b9667cd8eba19fc087e07b98b00f, Locality 1, 420f50a6e1d269bd05e196b4d88cd065, 278212.604759, 1885410.909934, 17.042247, 54.916294, 40Q, 33.678101, 3.790092, 2.500000, Dike Margin, 53.000000, 238.000000, 148.000000, 0.943000, SD11, Mon Jan 23 07:30:04 2023, 
e9b7b9667cd8eba19fc087e07b98b00f, Locality 1, 921fc60418bc80721b74040ecda312bb, 278211.739936, 1885411.697370, 17.042254, 54.916286, 40Q, 34.560059, 3.790092, 2.500000, Dike Margin, 64.000000, 219.000000, 129.000000, 0.943000, SD11, Mon Jan 23 07:29:53 2023, 
e9b7b9667cd8eba19fc087e07b98b00f, Locality 1, 03efe73f2078be171a1d1f90a3513450, 278211.547766, 1885412.650324, 17.042262, 54.916284, 40Q, 35.036804, 3.790092, 2.500000, Dike Margin, 67.000000, 223.000000, 133.000000, 0.943000, SD11, Mon Jan 23 07:29:46 2023, 
e9b7b9667cd8eba19fc087e07b98b00f, Locality 1, 0a4ad922184187e1960db1a1352b51ea, 278208.696056, 1885413.757835, 17.042272, 54.916257, 40Q, 36.309509, 3.790092, 2.500000, Dike Margin, 54.000000, 214.000000, 124.000000, 0.943000, SD11, Mon Jan 23 07:29:35 2023, 
e9b7b9667cd8eba19fc087e07b98b00f, Locality 1, 8699740fca44436df57994d35e7b1eae, 278203.500188, 1885418.531236, 17.042315, 54.916208, 40Q, 37.357178, 3.790092, 2.500000, Dike Margin, 84.000000, 249.000000, 159.000000, 0.943000, SD11, Mon Jan 23 07:29:10 2023, 
e9b7b9667cd8eba19fc087e07b98b00f, Locality 1, abc23502b97b86cde8ffd7754c9dc8b4, 278201.821373, 1885421.876752, 17.042345, 54.916192, 40Q, 38.485657, 3.790092, 2.500000, Dike Margin, 53.000000, 245.000000, 155.000000, 0.943000, SD11, Mon Jan 23 07:28:59 2023, 
e9b7b9667cd8eba19fc087e07b98b00f, Locality 1, c8d0105f693187dfb3ebc4625db7b543, 278199.882039, 1885425.357886, 17.042376, 54.916173, 40Q, 37.441528, 3.790092, 2.500000, Dike Margin, 77.000000, 226.000000, 136.000000, 0.943000, SD11, Mon Jan 23 07:28:42 2023, 
e9b7b9667cd8eba19fc087e07b98b00f, Locality 1, 299467c010ffa78c7dba665975ae8bf4, 278198.952980, 1885421.619523, 17.042342, 54.916165, 40Q, 35.495544, 3.790092, 2.500000, Dike Margin, 90.000000, 62.000000, 332.000000, 0.943000, SD11, Mon Jan 23 07:28:22 2023, 
e9b7b9667cd8eba19fc087e07b98b00f, Locality 1, 75c0aa2a85d8e6695adc6157798c305a, 278199.944492, 1885420.629263, 17.042333, 54.916174, 40Q, 34.644409, 3.790092, 2.500000, Dike Margin, 80.000000, 238.000000, 148.000000, 0.943000, SD11, Mon Jan 23 07:28:15 2023, 
e9b7b9667cd8eba19fc087e07b98b00f, Locality 1, 87cf7391d17bf68ab1936b8d0a896fe4, 278210.194390, 1885409.565182, 17.042234, 54.916272, 40Q, 37.446716, 3.790092, 2.500000, Dike Margin, 61.000000, 202.000000, 112.000000, 0.943000, SD11, Mon Jan 23 07:27:45 2023, 
e9b7b9667cd8eba19fc087e07b98b00f, Locality 1, 43a8b618b975942d3d2886d36f373134, 278212.752963, 1885405.833909, 17.042201, 54.916296, 40Q, 34.990662, 3.790092, 2.500000, Dike Margin, 67.000000, 216.000000, 126.000000, 0.943000, SD11, Mon Jan 23 07:27:30 2023, 
e9b7b9667cd8eba19fc087e07b98b00f, Locality 1, 12fc0f7c0755422d4c4dcada9b418d9e, 278213.176294, 1885404.988082, 17.042193, 54.916300, 40Q, 33.990784, 3.790092, 2.500000, Dike Margin, 69.000000, 214.000000, 124.000000, 0.943000, SD11, Mon Jan 23 07:27:21 2023, 
e9b7b9667cd8eba19fc087e07b98b00f, Locality 1, 12cd99e63e609e2a7c84f969bb278711, 278216.939003, 1885401.331422, 17.042161, 54.916336, 40Q, 33.429565, 3.790092, 2.500000, Dike Margin, 75.000000, 217.000000, 127.000000, 0.943000, SD11, Mon Jan 23 07:27:09 2023, 
e9b7b9667cd8eba19fc087e07b98b00f, Locality 1, e7940704fd3fa3c8d9cbca099015bc1c, 278217.954281, 1885400.971894, 17.042157, 54.916346, 40Q, 32.153503, 3.790092, 2.500000, Dike Margin, 71.000000, 218.000000, 128.000000, 0.943000, SD11, Mon Jan 23 07:26:58 2023, 
e9b7b9667cd8eba19fc087e07b98b00f, Locality 1, aeae118ac2177f73d90354aec61ec151, 278220.160578, 1885400.056134, 17.042149, 54.916366, 40Q, 31.083130, 3.790092, 2.500000, Dike Margin, 63.000000, 213.000000, 123.000000, 0.943000, SD11, Mon Jan 23 07:26:48 2023, 
e9b7b9667cd8eba19fc087e07b98b00f, Locality 1, b39066a4a80bfbff15788a707fac5aa7, 278224.292715, 1885394.792614, 17.042102, 54.916406, 40Q, 28.216797, 3.790092, 2.500000, Dike Margin, 76.000000, 229.000000, 139.000000, 0.943000, SD11, Mon Jan 23 07:26:16 2023, 
e9b7b9667cd8eba19fc087e07b98b00f, Locality 1, 4cd43d64a31b6aaa15fc9b36b25d1c23, 278226.314378, 1885392.140849, 17.042078, 54.916425, 40Q, 27.444702, 3.790092, 2.500000, Dike Margin, 72.000000, 210.000000, 120.000000, 0.943000, SD11, Mon Jan 23 07:24:48 2023, 
e9b7b9667cd8eba19fc087e07b98b00f, Locality 1, e0d5ff076ffa9cc00a8b51e271d4e392, 272599.103866, 1887575.777560, 17.061255, 54.863359, 40Q, 91.097046, 3.790092, 3.831277, Dike Margin, 66.000000, 41.000000, 311.000000, 0.943000, SD10, Sun Jan 22 17:14:17 2023, 
e9b7b9667cd8eba19fc087e07b98b00f, Locality 1, 91ecb23809ced21d55626b91a2d006d0, 272304.499287, 1887776.794663, 17.063041, 54.860572, 40Q, 82.753418, 3.790092, 2.500000, Dike Margin, 67.000000, 44.000000, 314.000000, 0.943000, SD10, Sun Jan 22 16:43:24 2023, 
e9b7b9667cd8eba19fc087e07b98b00f, Locality 1, 6034db1f71e6b79be055c81d4e09bdfd, 272315.877417, 1887778.492119, 17.063058, 54.860678, 40Q, 76.709045, 3.790092, 2.500000, Dike Margin, 78.000000, 27.000000, 297.000000, 0.943000, SD10, Sun Jan 22 16:42:56 2023, 
e9b7b9667cd8eba19fc087e07b98b00f, Locality 1, ec49f37772386537cd44399c2873637b, 272317.587249, 1887777.884436, 17.063053, 54.860694, 40Q, 77.932617, 3.790092, 2.500000, Dike Margin, 83.000000, 30.000000, 300.000000, 0.943000, SD10, Sun Jan 22 16:42:42 2023, 
e9b7b9667cd8eba19fc087e07b98b00f, Locality 1, 3fef7946c4f89f7e4f40ce35c12f499e, 272347.917053, 1887757.038702, 17.062867, 54.860981, 40Q, 78.429321, 3.790092, 2.500000, Dike Margin, 78.000000, 194.000000, 104.000000, 0.943000, SD10, Sun Jan 22 16:41:56 2023, 
e9b7b9667cd8eba19fc087e07b98b00f, Locality 1, cbd77d3533b2560ab207a9fd77f3b07d, 272341.431492, 1887760.172940, 17.062895, 54.860920, 40Q, 80.450012, 3.790092, 2.500000, Dike Margin, 90.000000, 210.000000, 120.000000, 0.943000, SD10, Sun Jan 22 16:41:40 2023, 
e9b7b9667cd8eba19fc087e07b98b00f, Locality 1, da048d95fc6598d51b52918ebb814a6e, 272339.057099, 1887761.353598, 17.062905, 54.860898, 40Q, 81.626709, 3.790092, 2.500000, Dike Margin, 88.000000, 221.000000, 131.000000, 0.943000, SD10, Sun Jan 22 16:41:33 2023, 
e9b7b9667cd8eba19fc087e07b98b00f, Locality 1, 3d68385e802e284d7078227c1e52e7a6, 272336.560146, 1887763.787653, 17.062927, 54.860874, 40Q, 79.397522, 3.790092, 2.500000, Dike Margin, 78.000000, 209.000000, 119.000000, 0.943000, SD10, Sun Jan 22 16:41:25 2023, 
e9b7b9667cd8eba19fc087e07b98b00f, Locality 1, 7a7df9115bf92887eec5dc2dafd345c3, 272334.078652, 1887757.139444, 17.062867, 54.860852, 40Q, 81.782959, 3.790092, 2.500000, Dike Margin, 85.000000, 205.000000, 115.000000, 0.943000, SD10, Sun Jan 22 16:38:56 2023, 
e9b7b9667cd8eba19fc087e07b98b00f, Locality 1, 5d4bd96bd3798c4ae1556d6cb055e3f9, 272338.122892, 1887753.645606, 17.062836, 54.860890, 40Q, 82.643860, 3.790092, 2.500000, Dike Margin, 85.000000, 201.000000, 111.000000, 0.943000, SD10, Sun Jan 22 16:38:39 2023, 
e9b7b9667cd8eba19fc087e07b98b00f, Locality 1, eead6f133498bb33483b734b620ff486, 272339.121092, 1887754.853508, 17.062847, 54.860899, 40Q, 83.253845, 3.790092, 2.500000, Dike Margin, 87.000000, 12.000000, 282.000000, 0.943000, SD10, Sun Jan 22 16:38:20 2023, 
e9b7b9667cd8eba19fc087e07b98b00f, Locality 1, 07093a6d5fed6cb295b7ffaec031a52c, 272349.688739, 1887750.220999, 17.062806, 54.860999, 40Q, 79.155151, 3.790092, 2.500000, Dike Margin, 69.000000, 48.000000, 318.000000, 0.943000, SD10, Sun Jan 22 16:37:56 2023, 
e9b7b9667cd8eba19fc087e07b98b00f, Locality 1, 9034f7156d98a7bc6cba489fd069a0b6, 272350.490292, 1887749.614417, 17.062800, 54.861006, 40Q, 79.225342, 3.790092, 2.500000, Dike Margin, 85.000000, 29.000000, 299.000000, 0.943000, SD10, Sun Jan 22 16:37:48 2023, 
e9b7b9667cd8eba19fc087e07b98b00f, Locality 1, b034e7fa4fa9fe5a610f62c9c64a6a56, 272350.461737, 1887743.705391, 17.062747, 54.861007, 40Q, 66.998779, 3.790092, 2.500000, Dike Margin, 84.000000, 29.000000, 299.000000, 0.943000, SD10, Sun Jan 22 16:35:57 2023, 
e9b7b9667cd8eba19fc087e07b98b00f, Locality 1, e8ef2cb2fca8d429e1d39d88d6bc5fb5, 272357.779406, 1887735.658991, 17.062675, 54.861076, 40Q, 60.370483, 3.790092, 2.500000, Dike Margin, 81.000000, 244.000000, 154.000000, 0.943000, SD10, Sun Jan 22 16:33:56 2023, 
e9b7b9667cd8eba19fc087e07b98b00f, Locality 1, 8b01bf2c12c956f8ed9fb14012a36059, 272531.873442, 1887161.909529, 17.057510, 54.862770, 40Q, 64.356323, 3.790092, 2.500000, Dike Margin, 78.000000, 248.000000, 158.000000, 0.943000, SD09, Sun Jan 22 15:57:08 2023, 
e9b7b9667cd8eba19fc087e07b98b00f, Locality 1, a64f411300cc5c2ef06e1ce033166499, 272532.775066, 1887163.146176, 17.057521, 54.862779, 40Q, 67.169006, 3.790092, 2.500000, Dike Margin, 84.000000, 67.000000, 337.000000, 0.943000, SD09, Sun Jan 22 15:56:49 2023, 
e9b7b9667cd8eba19fc087e07b98b00f, Locality 1, e59350b4d81aa41866a18ee0a66c52c8, 272524.696671, 1887178.281371, 17.057657, 54.862701, 40Q, 71.525696, 3.790092, 2.500000, Dike Margin, 61.000000, 68.000000, 338.000000, 0.943000, SD09, Sun Jan 22 15:55:56 2023, 
e9b7b9667cd8eba19fc087e07b98b00f, Locality 1, 68e556ad58cd6992f7e730e4101f660a, 272523.890446, 1887182.646362, 17.057696, 54.862693, 40Q, 69.841248, 3.790092, 2.500000, Dike Margin, 77.000000, 69.000000, 339.000000, 0.943000, SD09, Sun Jan 22 15:55:23 2023, 
e9b7b9667cd8eba19fc087e07b98b00f, Locality 1, de1f4edc91d083a66137e1cc8c435939, 272519.340571, 1887193.561678, 17.057794, 54.862649, 40Q, 70.438232, 3.790092, 2.500000, Dike Margin, 72.000000, 235.000000, 145.000000, 0.943000, SD09, Sun Jan 22 15:54:51 2023, 
e9b7b9667cd8eba19fc087e07b98b00f, Locality 1, 70552b92b1bbd959abe1eef94e2da8c0, 272508.437932, 1887225.302267, 17.058080, 54.862544, 40Q, 70.612549, 3.790092, 2.500000, Dike Margin, 76.000000, 256.000000, 166.000000, 0.943000, SD09, Sun Jan 22 15:53:35 2023, 
e9b7b9667cd8eba19fc087e07b98b00f, Locality 1, 5480e9ed6245820a3f18fae5972c5e5c, 272507.933687, 1887227.876099, 17.058103, 54.862539, 40Q, 70.018616, 3.790092, 2.500000, Dike Margin, 70.000000, 246.000000, 156.000000, 0.943000, SD09, Sun Jan 22 15:53:20 2023, 
e9b7b9667cd8eba19fc087e07b98b00f, Locality 1, 68270a35d6fe97fce6bbd791c586733d, 272502.481821, 1887240.145233, 17.058213, 54.862486, 40Q, 65.582153, 3.790092, 2.500000, Dike Margin, 69.000000, 252.000000, 162.000000, 0.943000, SD09, Sun Jan 22 15:52:40 2023, 
e9b7b9667cd8eba19fc087e07b98b00f, Locality 1, 3a52e34a1a78c2e5e253c5f1164e6024, 272498.740970, 1887249.867176, 17.058301, 54.862450, 40Q, 62.782043, 3.790092, 2.500000, Dike Margin, 75.000000, 256.000000, 166.000000, 0.943000, SD09, Sun Jan 22 15:52:08 2023, 
e9b7b9667cd8eba19fc087e07b98b00f, Locality 1, d0e2194377027533ea48c073bb6d2cbe, 272498.212269, 1887254.097394, 17.058339, 54.862445, 40Q, 62.338745, 3.790092, 2.500000, Dike Margin, 78.000000, 62.000000, 332.000000, 0.943000, SD09, Sun Jan 22 15:51:43 2023, 
e9b7b9667cd8eba19fc087e07b98b00f, Locality 1, 29ebbf5b051378c760742ec11c866bb5, 272342.070381, 1887077.205719, 17.056726, 54.860997, 40Q, 62.220032, 3.790092, 2.500000, Dike Margin, 83.000000, 85.000000, 355.000000, 0.943000, SD08, Sun Jan 22 15:25:31 2023, 
e9b7b9667cd8eba19fc087e07b98b00f, Locality 1, 5050847470444bb01efe69098bfd264d, 272340.276827, 1887112.846330, 17.057047, 54.860976, 40Q, 63.084229, 3.790092, 2.500000, Dike Margin, 82.000000, 266.000000, 176.000000, 0.943000, SD08, Sun Jan 22 15:22:53 2023, 
e9b7b9667cd8eba19fc087e07b98b00f, Locality 1, a3fb13051a431a88d2e00a45af7042b5, 272341.094370, 1887110.489359, 17.057026, 54.860984, 40Q, 64.722473, 3.790092, 2.500000, Dike Margin, 90.000000, 92.000000, 2.000000, 0.943000, SD08, Sun Jan 22 15:22:44 2023, 
e9b7b9667cd8eba19fc087e07b98b00f, Locality 1, 5427851176eb46f2621f1378ace27314, 272341.661646, 1887099.090680, 17.056923, 54.860990, 40Q, 67.580078, 3.790092, 2.500000, Dike Margin, 82.000000, 92.000000, 2.000000, 0.943000, SD08, Sun Jan 22 15:22:18 2023, 
e9b7b9667cd8eba19fc087e07b98b00f, Locality 1, f381f681c52916b92f2a0db4338866b8, 272342.011958, 1887085.189165, 17.056798, 54.860995, 40Q, 61.983582, 3.790092, 2.500000, Dike Margin, 86.000000, 262.000000, 172.000000, 0.943000, SD08, Sun Jan 22 15:21:39 2023, 
e9b7b9667cd8eba19fc087e07b98b00f, Locality 1, f80539e9a567b391ae24c1de54f7715f, 272341.723662, 1887086.769844, 17.056812, 54.860992, 40Q, 62.078674, 3.790092, 2.500000, Dike Margin, 90.000000, 284.000000, 194.000000, 0.943000, SD08, Sun Jan 22 15:21:01 2023, 
e9b7b9667cd8eba19fc087e07b98b00f, Locality 1, b3b74a9345b7c1f40dc9b78b7192aa61, 272344.888055, 1887065.352858, 17.056619, 54.861024, 40Q, 62.446960, 3.790092, 2.500000, Dike Margin, 80.000000, 82.000000, 352.000000, 0.943000, SD08, Sun Jan 22 15:19:01 2023, 
e9b7b9667cd8eba19fc087e07b98b00f, Locality 1, 8c4bf860e0f63a74cfbd8277965b51d9, 272346.096896, 1887070.136383, 17.056662, 54.861035, 40Q, 63.320557, 3.790092, 2.500000, Dike Margin, 86.000000, 259.000000, 169.000000, 0.943000, SD08, Sun Jan 22 15:18:49 2023, 
e9b7b9667cd8eba19fc087e07b98b00f, Locality 1, e40f8af8bc577a0ed29b7a4932e06650, 272343.603517, 1887075.140914, 17.056707, 54.861011, 40Q, 61.721924, 3.790092, 2.500000, Dike Margin, 79.000000, 88.000000, 358.000000, 0.943000, SD08, Sun Jan 22 15:18:35 2023, 
e9b7b9667cd8eba19fc087e07b98b00f, Locality 1, c9f521b306bb61bbde096c1baf41ba6a, 272346.830105, 1887038.793819, 17.056379, 54.861045, 40Q, 59.045044, 3.790092, 2.500000, Dike Margin, 87.000000, 251.000000, 161.000000, 0.943000, SD08, Sun Jan 22 15:14:52 2023, 
e9b7b9667cd8eba19fc087e07b98b00f, Locality 1, c261a6fe1dd252460f8996905beb665b, 272346.675266, 1887036.615770, 17.056359, 54.861044, 40Q, 59.547302, 3.790092, 2.500000, Dike Margin, 85.000000, 267.000000, 177.000000, 0.943000, SD08, Sun Jan 22 15:14:34 2023, 
e9b7b9667cd8eba19fc087e07b98b00f, Locality 1, 71db6225d181fb6a774b49c8ad920b0f, 272348.159604, 1887034.275849, 17.056338, 54.861058, 40Q, 58.447998, 3.790092, 2.500000, Dike Margin, 88.000000, 87.000000, 357.000000, 0.943000, SD08, Sun Jan 22 15:13:57 2023, 
e9b7b9667cd8eba19fc087e07b98b00f, Locality 1, 19dbe828ebdb3139ae9c03ac6c8953ea, 272347.901640, 1887031.918484, 17.056317, 54.861056, 40Q, 56.712463, 3.790092, 2.500000, Dike Margin, 88.000000, 251.000000, 161.000000, 0.943000, SD08, Sun Jan 22 15:13:30 2023, 
e9b7b9667cd8eba19fc087e07b98b00f, Locality 1, 8bca18489e50fde3c09aebd2bb62fb3a, 272349.680173, 1887018.135275, 17.056193, 54.861074, 40Q, 50.083130, 3.790092, 2.500000, Dike Margin, 89.000000, 260.000000, 170.000000, 0.943000, SD08, Sun Jan 22 15:11:13 2023, 
e9b7b9667cd8eba19fc087e07b98b00f, Locality 1, 1bda72431d4a6d232c063a0098c5d838, 272350.655817, 1887018.545259, 17.056197, 54.861083, 40Q, 50.510620, 3.790092, 2.500000, Dike Margin, 89.000000, 251.000000, 161.000000, 0.943000, SD08, Sun Jan 22 15:11:05 2023, 
e9b7b9667cd8eba19fc087e07b98b00f, Locality 1, 981feeb5b6a25b637ec95bb18d2cfd07, 272169.355204, 1886814.905246, 17.054339, 54.859402, 40Q, 57.438416, 3.790092, 2.500000, Dike Margin, 76.000000, 260.000000, 170.000000, 0.943000, SD07, Sun Jan 22 15:00:07 2023, 
e9b7b9667cd8eba19fc087e07b98b00f, Locality 1, 77bf5c5d9a983c9fe9a6e93ae2fa5e90, 272137.652632, 1886865.872987, 17.054796, 54.859099, 40Q, 51.139099, 3.790092, 2.500000, Dike Margin, 64.000000, 242.000000, 152.000000, 0.943000, SD07, Sun Jan 22 14:55:59 2023, 
e9b7b9667cd8eba19fc087e07b98b00f, Locality 1, b228badff3b27062f846356805c13197, 272126.779859, 1886873.115957, 17.054861, 54.858996, 40Q, 55.824463, 3.790092, 2.500000, Dike Margin, 82.000000, 53.000000, 323.000000, 0.943000, SD07, Sun Jan 22 14:46:23 2023, 
e9b7b9667cd8eba19fc087e07b98b00f, Locality 1, 8ec8467c79dd94bd7ba643a4542a1f52, 272107.645337, 1886886.237097, 17.054977, 54.858815, 40Q, 55.641724, 3.790092, 2.500000, Dike Margin, 75.000000, 219.000000, 129.000000, 0.943000, SD07, Sun Jan 22 14:44:21 2023, 
e9b7b9667cd8eba19fc087e07b98b00f, Locality 1, 0d8ebddcd74e25460deb2d92bb559aa8, 272112.477733, 1886882.548610, 17.054945, 54.858860, 40Q, 54.071411, 3.790092, 2.500000, Dike Margin, 83.000000, 210.000000, 120.000000, 0.943000, SD07, Sun Jan 22 14:43:56 2023, 
e9b7b9667cd8eba19fc087e07b98b00f, Locality 1, 32c2cc2be29e7409571080fe7cdc0bf7, 272117.959527, 1886879.232717, 17.054915, 54.858912, 40Q, 52.496643, 3.790092, 2.500000, Dike Margin, 81.000000, 223.000000, 133.000000, 0.943000, SD07, Sun Jan 22 14:43:29 2023, 
e9b7b9667cd8eba19fc087e07b98b00f, Locality 1, f4b6d3255de8e19b2949f4f0e520ba63, 272122.134914, 1886874.671346, 17.054874, 54.858952, 40Q, 54.419189, 3.790092, 2.500000, Dike Margin, 81.000000, 225.000000, 135.000000, 0.943000, SD07, Sun Jan 22 14:43:10 2023, 
e9b7b9667cd8eba19fc087e07b98b00f, Locality 1, b55493712efddc25803f4f0d896f1f7e, 272122.369803, 1886874.436293, 17.054872, 54.858954, 40Q, 54.280640, 3.790092, 2.500000, Dike Margin, 90.000000, 223.000000, 133.000000, 0.943000, SD07, Sun Jan 22 14:43:02 2023, 
e9b7b9667cd8eba19fc087e07b98b00f, Locality 1, 6b319eab0c32a4fa0aa9a4353d3aa9c4, 272138.667604, 1886864.235628, 17.054782, 54.859108, 40Q, 52.008118, 3.790092, 2.500000, Dike Margin, 57.000000, 236.000000, 146.000000, 0.943000, SD07, Sun Jan 22 14:42:21 2023, 
e9b7b9667cd8eba19fc087e07b98b00f, Locality 1, cee0133a93eeba2edcf28781d85cd428, 272136.931705, 1886864.803749, 17.054787, 54.859092, 40Q, 49.147461, 3.790092, 2.500000, Dike Margin, 71.000000, 239.000000, 149.000000, 0.943000, SD07, Sun Jan 22 14:42:01 2023, 
e9b7b9667cd8eba19fc087e07b98b00f, Locality 1, c9b1811f23639bd3531134a1296b20b9, 272137.010990, 1886865.819136, 17.054796, 54.859093, 40Q, 50.724426, 3.790092, 2.500000, Dike Margin, 74.000000, 44.000000, 314.000000, 0.943000, SD07, Sun Jan 22 14:41:50 2023, 
e9b7b9667cd8eba19fc087e07b98b00f, Locality 1, 46f0e074905f3a4db34f9138337a6e47, 272136.817498, 1886867.304681, 17.054809, 54.859091, 40Q, 51.516602, 3.790092, 2.500000, Dike Margin, 88.000000, 36.000000, 306.000000, 0.943000, SD07, Sun Jan 22 14:41:35 2023, 
e9b7b9667cd8eba19fc087e07b98b00f, Locality 1, ea6ad53045954a348ad768871a142125, 272133.164090, 1886866.250989, 17.054799, 54.859056, 40Q, 53.334045, 3.790092, 2.500000, Dike Margin, 81.000000, 44.000000, 314.000000, 0.943000, SD07, Sun Jan 22 14:40:59 2023, 
e9b7b9667cd8eba19fc087e07b98b00f, Locality 1, 0c4df302c330933f49fcdd2e841e6a26, 272135.853641, 1886859.715468, 17.054741, 54.859082, 40Q, 50.447693, 3.790092, 2.500000, Dike Margin, 75.000000, 232.000000, 142.000000, 0.943000, SD07, Sun Jan 22 14:40:20 2023, 
e9b7b9667cd8eba19fc087e07b98b00f, Locality 1, 6a7ebf56feff6513b2f87a266e3b2134, 272122.660405, 1886798.770723, 17.054189, 54.858965, 40Q, 54.270386, 3.790092, 2.500000, Dike Margin, 88.000000, 69.000000, 339.000000, 0.943000, SD06, Sun Jan 22 14:14:59 2023, 
e9b7b9667cd8eba19fc087e07b98b00f, Locality 1, 27f7397408aeae1ccd460bde99cefde0, 272135.835109, 1886759.150590, 17.053832, 54.859093, 40Q, 63.542480, 3.790092, 2.500000, Dike Margin, 85.000000, 68.000000, 338.000000, 0.943000, SD06, Sun Jan 22 14:12:01 2023, 
e9b7b9667cd8eba19fc087e07b98b00f, Locality 1, a11d8fcc30ac7f1f40297a328255d664, 272123.291276, 1886798.327635, 17.054185, 54.858971, 40Q, 57.932251, 3.790092, 2.500000, Dike Margin, 83.000000, 256.000000, 166.000000, 0.943000, SD06, Sun Jan 22 14:09:02 2023, 
e9b7b9667cd8eba19fc087e07b98b00f, Locality 1, 2f786387fe6bac1c5745328e24010ab5, 272124.087773, 1886793.080422, 17.054137, 54.858979, 40Q, 60.247070, 3.790092, 2.500000, Dike Margin, 78.000000, 81.000000, 351.000000, 0.943000, SD06, Sun Jan 22 14:08:47 2023, 
e9b7b9667cd8eba19fc087e07b98b00f, Locality 1, 51b6ead4df68801b700101086a291812, 272123.615500, 1886789.535345, 17.054105, 54.858975, 40Q, 55.525391, 3.790092, 2.500000, Dike Margin, 60.000000, 67.000000, 337.000000, 0.943000, SD06, Sun Jan 22 14:07:42 2023, 
e9b7b9667cd8eba19fc087e07b98b00f, Locality 1, e54af20721c6e1e0d0a9cc3816979f4c, 272062.458594, 1886639.504428, 17.052744, 54.858416, 40Q, 61.606995, 3.790092, 2.500000, Dike Margin, 61.000000, 212.000000, 122.000000, 0.943000, SD05, Sun Jan 22 14:00:27 2023, 
e9b7b9667cd8eba19fc087e07b98b00f, Locality 1, b1148f620c4ef2a6a27d46daf55ef11f, 272066.346776, 1886638.851814, 17.052739, 54.858452, 40Q, 61.862305, 3.790092, 2.500000, Dike Margin, 69.000000, 213.000000, 123.000000, 0.943000, SD05, Sun Jan 22 13:59:34 2023, 
e9b7b9667cd8eba19fc087e07b98b00f, Locality 1, 37160dd6cd57d9771b4fecb8dba47ce6, 272069.664859, 1886634.862213, 17.052703, 54.858484, 40Q, 63.770203, 3.790092, 2.500000, Dike Margin, 65.000000, 218.000000, 128.000000, 0.943000, SD05, Sun Jan 22 13:59:13 2023, 
e9b7b9667cd8eba19fc087e07b98b00f, Locality 1, 9f190fd95b97edd56699503664d042a3, 272070.156572, 1886641.830022, 17.052766, 54.858488, 40Q, 69.733215, 3.790092, 2.606533, Dike Margin, 56.000000, 226.000000, 136.000000, 0.943000, SD05, Sun Jan 22 13:57:34 2023, 
e9b7b9667cd8eba19fc087e07b98b00f, Locality 1, 29c95f2976248c45276fc489dd6a40d9, 272067.679950, 1886643.119199, 17.052777, 54.858464, 40Q, 65.350708, 3.790092, 2.500000, Dike Margin, 57.000000, 222.000000, 132.000000, 0.943000, SD05, Sun Jan 22 13:57:07 2023, 
e9b7b9667cd8eba19fc087e07b98b00f, Locality 1, 03136af037817d0584c222072fdc4fd6, 272066.677325, 1886641.707656, 17.052764, 54.858455, 40Q, 65.153625, 3.790092, 2.500000, Dike Margin, 52.000000, 220.000000, 130.000000, 0.943000, SD05, Sun Jan 22 13:56:18 2023, 
e9b7b9667cd8eba19fc087e07b98b00f, Locality 1, 7a9a003092c80a14abbe704c53dddb6b, 272065.612889, 1886642.136680, 17.052768, 54.858445, 40Q, 64.798645, 3.790092, 2.500000, Dike Margin, 53.000000, 222.000000, 132.000000, 0.943000, SD05, Sun Jan 22 13:56:00 2023, 
e9b7b9667cd8eba19fc087e07b98b00f, Locality 1, 14438637877005ed8f32f51a8b2362b9, 272060.164486, 1886638.210002, 17.052732, 54.858394, 40Q, 64.960815, 3.790092, 2.500000, Dike Margin, 60.000000, 216.000000, 126.000000, 0.943000, SD05, Sun Jan 22 13:55:31 2023, 
e9b7b9667cd8eba19fc087e07b98b00f, Locality 1, fff4314c6413a1ad8596a519bd82a0a6, 272052.794715, 1886644.644087, 17.052790, 54.858325, 40Q, 58.433899, 3.790092, 2.500000, Dike Margin, 66.000000, 215.000000, 125.000000, 0.943000, SD05, Sun Jan 22 13:54:47 2023, 
e9b7b9667cd8eba19fc087e07b98b00f, Locality 1, d8592a7eddffd56b9486ed60d8b9b1f2, 272046.833283, 1886646.177392, 17.052803, 54.858268, 40Q, 53.161987, 3.790092, 2.500000, Dike Margin, 70.000000, 211.000000, 121.000000, 0.943000, SD05, Sun Jan 22 13:54:27 2023, 
e9b7b9667cd8eba19fc087e07b98b00f, Locality 1, 86b4d024ee8fdb3bed82d350b8cf0e7f, 271859.347456, 1886554.934643, 17.051960, 54.856517, 40Q, 58.758667, 3.790092, 2.685227, Dike Margin, 78.000000, 253.000000, 163.000000, 0.943000, SD04, Sun Jan 22 13:09:04 2023, 
e9b7b9667cd8eba19fc087e07b98b00f, Locality 1, ed3aec0848b28f6f5838e328db4fba26, 271854.793584, 1886572.458058, 17.052118, 54.856473, 40Q, 59.559814, 3.790092, 2.500000, Dike Margin, 86.000000, 67.000000, 337.000000, 0.943000, SD04, Sun Jan 22 13:07:28 2023, 
e9b7b9667cd8eba19fc087e07b98b00f, Locality 1, 171f84626b0bbb57907e00120b4ab298, 271848.062777, 1886583.355413, 17.052216, 54.856408, 40Q, 55.776794, 3.790092, 4.574285, Dike Margin, 85.000000, 67.000000, 337.000000, 0.943000, SD04, Sun Jan 22 13:06:48 2023, 
e9b7b9667cd8eba19fc087e07b98b00f, Locality 1, a2e24809f2397f63dc5b8fbd5dd15647, 271844.800465, 1886606.490606, 17.052424, 54.856375, 40Q, 53.322266, 3.790092, 2.500000, Dike Margin, 88.000000, 73.000000, 343.000000, 0.943000, SD04, Sun Jan 22 13:05:26 2023, 
e9b7b9667cd8eba19fc087e07b98b00f, Locality 1, cbd5950496128f4d8ff2379f859f6d33, 271846.312473, 1886603.665462, 17.052399, 54.856390, 40Q, 53.026428, 3.790092, 2.500000, Dike Margin, 81.000000, 255.000000, 165.000000, 0.943000, SD04, Sun Jan 22 13:05:06 2023, 
e9b7b9667cd8eba19fc087e07b98b00f, Locality 1, 55c368bb291a35dd1a7a9f62c2b49c4d, 271841.697692, 1886607.696409, 17.052435, 54.856346, 40Q, 54.853027, 0.000000, 0.000000, Dike Margin, 88.000000, 260.000000, 170.000000, 0.943000, SD04, Sun Jan 22 13:04:37 2023, 
e9b7b9667cd8eba19fc087e07b98b00f, Locality 1, 005e1e91ea30248d4a11ae7fec13599a, 271846.732679, 1886592.760987, 17.052300, 54.856395, 40Q, 60.079529, 3.790092, 2.500000, Dike Margin, 88.000000, 77.000000, 347.000000, 0.943000, SD04, Sun Jan 22 13:02:05 2023, 
e9b7b9667cd8eba19fc087e07b98b00f, Locality 1, b6a2f89f60ae0843e4bc66a137fef87e, 271849.343342, 1886585.735873, 17.052237, 54.856420, 40Q, 55.484497, 3.790092, 2.500000, Dike Margin, 86.000000, 276.000000, 186.000000, 0.943000, SD04, Sun Jan 22 13:01:42 2023, 
e9b7b9667cd8eba19fc087e07b98b00f, Locality 1, 579cce4d869f28827c26a2f2fe766d90, 271857.402803, 1886567.629318, 17.052075, 54.856498, 40Q, 53.710022, 3.790092, 2.500000, Dike Margin, 85.000000, 249.000000, 159.000000, 0.943000, SD04, Sun Jan 22 12:59:18 2023, 
e9b7b9667cd8eba19fc087e07b98b00f, Locality 1, 6948010ba67d158b55f708bcc646eba7, 271857.535921, 1886560.838414, 17.052013, 54.856500, 40Q, 56.394958, 3.790092, 2.500000, Dike Margin, 75.000000, 239.000000, 149.000000, 0.943000, SD04, Sun Jan 22 12:58:52 2023, 
e9b7b9667cd8eba19fc087e07b98b00f, Locality 1, 496f070db36655c5cbafc17772b2a61d, 271857.574492, 1886543.395555, 17.051856, 54.856502, 40Q, 53.888977, 3.790092, 2.500000, Dike Margin, 89.000000, 82.000000, 352.000000, 0.943000, SD04, Sun Jan 22 12:57:23 2023, 
e9b7b9667cd8eba19fc087e07b98b00f, Locality 1, b85090ca522b2ef239cc89cb3c47e1c0, 271183.873171, 1886567.851325, 17.052010, 54.850173, 40Q, 67.250122, 3.790092, 2.500000, Dike Margin, 81.000000, 255.000000, 165.000000, 0.943000, SD03, Sun Jan 22 12:02:15 2023, 
e9b7b9667cd8eba19fc087e07b98b00f, Locality 1, 4eea8ff2003d10d72451034ca940935e, 271183.422737, 1886556.824639, 17.051910, 54.850170, 40Q, 65.702454, 3.790092, 2.500000, Dike Margin, 78.000000, 57.000000, 327.000000, 0.943000, SD03, Sun Jan 22 12:01:41 2023, 
e9b7b9667cd8eba19fc087e07b98b00f, Locality 1, be341cb74e6babc9ea3a8435b57e048c, 271187.817956, 1886542.060386, 17.051777, 54.850212, 40Q, 65.238525, 3.790092, 2.500000, Dike Margin, 81.000000, 80.000000, 350.000000, 0.943000, SD03, Sun Jan 22 12:01:13 2023, 
e9b7b9667cd8eba19fc087e07b98b00f, Locality 1, 9b4b72024a2813e5c430b3d6228c10ed, 271195.186934, 1886518.156899, 17.051562, 54.850284, 40Q, 65.843628, 3.790092, 2.500000, Dike Margin, 79.000000, 255.000000, 165.000000, 0.943000, SD03, Sun Jan 22 12:00:31 2023, 
e9b7b9667cd8eba19fc087e07b98b00f, Locality 1, 81076e4c11b8ff0399c3420ae6d7f8be, 271195.655349, 1886512.146057, 17.051508, 54.850289, 40Q, 68.017883, 3.790092, 2.500000, Dike Margin, 85.000000, 57.000000, 327.000000, 0.943000, SD03, Sun Jan 22 12:00:14 2023, 
e9b7b9667cd8eba19fc087e07b98b00f, Locality 1, 7eb50d5ff3baae0490a4ca6117c51dde, 271197.158719, 1886522.861145, 17.051605, 54.850302, 40Q, 69.268555, 3.790092, 2.500000, Dike Margin, 76.000000, 248.000000, 158.000000, 0.943000, SD03, Sun Jan 22 11:59:47 2023, 
e9b7b9667cd8eba19fc087e07b98b00f, Locality 1, 8d2cc09f44e3c0f3091f73cb4e430958, 271196.034354, 1886529.261136, 17.051662, 54.850291, 40Q, 66.795776, 3.790092, 2.500000, Dike Margin, 65.000000, 257.000000, 167.000000, 0.943000, SD03, Sun Jan 22 11:59:15 2023, 
e9b7b9667cd8eba19fc087e07b98b00f, Locality 1, aa0f6c100893d2684e2f12d2479b7cd5, 271190.942350, 1886541.866580, 17.051776, 54.850242, 40Q, 66.802979, 3.790092, 2.500000, Dike Margin, 78.000000, 248.000000, 158.000000, 0.943000, SD03, Sun Jan 22 11:56:48 2023, 
e9b7b9667cd8eba19fc087e07b98b00f, Locality 1, f3c4da1ae7ba94fa2aaa3fdd236900ae, 271287.879111, 1886515.500621, 17.051547, 54.851155, 40Q, 67.785400, 3.790092, 2.500000, Dike Margin, 82.000000, 45.000000, 315.000000, 0.943000, SD02, Sun Jan 22 11:52:30 2023, 
e9b7b9667cd8eba19fc087e07b98b00f, Locality 1, f38fbd03500272e052684a267874dacd, 271284.984863, 1886518.416301, 17.051573, 54.851127, 40Q, 66.236023, 3.790092, 2.500000, Dike Margin, 73.000000, 56.000000, 326.000000, 0.943000, SD02, Sun Jan 22 11:52:00 2023, 
e9b7b9667cd8eba19fc087e07b98b00f, Locality 1, f37834141586c0655420ef27cc9ba4dd, 271248.146236, 1886595.857165, 17.052269, 54.850773, 40Q, 74.390137, 3.790092, 2.500000, Dike Margin, 88.000000, 57.000000, 327.000000, 0.943000, SD02, Sun Jan 22 11:50:20 2023, 
e9b7b9667cd8eba19fc087e07b98b00f, Locality 1, 29c6668ae798308e64df66f6b2753eff, 271246.354434, 1886596.668417, 17.052276, 54.850756, 40Q, 69.698730, 3.790092, 2.500000, Dike Margin, 81.000000, 253.000000, 163.000000, 0.943000, SD02, Sun Jan 22 11:47:48 2023, 
e9b7b9667cd8eba19fc087e07b98b00f, Locality 1, 70877c3539b1bdaa7fdea53e465bb864, 271249.017235, 1886593.237182, 17.052245, 54.850782, 40Q, 70.043701, 3.790092, 2.500000, Dike Margin, 80.000000, 61.000000, 331.000000, 0.943000, SD02, Sun Jan 22 11:47:29 2023, 
e9b7b9667cd8eba19fc087e07b98b00f, Locality 1, e34a76f72cb20d710c48053cb9b3246d, 271248.685812, 1886589.925249, 17.052215, 54.850779, 40Q, 70.549500, 3.790092, 2.500000, Dike Margin, 78.000000, 75.000000, 345.000000, 0.943000, SD02, Sun Jan 22 11:47:10 2023, 
e9b7b9667cd8eba19fc087e07b98b00f, Locality 1, 76514e9f9f1af754e62f6f14350d5c4d, 271258.786714, 1886574.093034, 17.052073, 54.850876, 40Q, 70.708923, 3.790092, 2.500000, Dike Margin, 73.000000, 232.000000, 142.000000, 0.943000, SD02, Sun Jan 22 11:46:31 2023, 
e9b7b9667cd8eba19fc087e07b98b00f, Locality 1, 1d85eaf478731a0b3b71b08e7877cfdd, 271265.642796, 1886561.347531, 17.051959, 54.850941, 40Q, 70.014343, 3.790092, 2.500000, Dike Margin, 78.000000, 250.000000, 160.000000, 0.943000, SD02, Sun Jan 22 11:43:46 2023, 
e9b7b9667cd8eba19fc087e07b98b00f, Locality 1, 67b61b070195a0ebf8dc9891901460bc, 271446.287763, 1886589.629097, 17.052232, 54.852635, 40Q, 73.732727, 3.790092, 2.500000, Dike Margin, 74.000000, 268.000000, 178.000000, 0.943000, SD01, Sun Jan 22 11:32:31 2023, 
e9b7b9667cd8eba19fc087e07b98b00f, Locality 1, 494376ec35b64e0fef7cf70659909e01, 271447.292017, 1886579.175372, 17.052138, 54.852645, 40Q, 71.664307, 3.790092, 2.500000, Dike Margin, 76.000000, 267.000000, 177.000000, 0.943000, SD01, Sun Jan 22 11:31:43 2023, 
e9b7b9667cd8eba19fc087e07b98b00f, Locality 1, ce7ef918bf475e747fa80456c323314e, 271450.215556, 1886564.201544, 17.052003, 54.852674, 40Q, 68.753479, 3.790092, 2.500000, Dike Margin, 60.000000, 252.000000, 162.000000, 0.943000, SD01, Sun Jan 22 11:31:09 2023, 
e9b7b9667cd8eba19fc087e07b98b00f, Locality 1, 8f8174c62af764021a2aebca51630c88, 271453.504778, 1886534.350651, 17.051734, 54.852708, 40Q, 64.987610, 3.790092, 2.500000, Dike Margin, 85.000000, 245.000000, 155.000000, 0.943000, SD01, Sun Jan 22 10:50:48 2023, 
e9b7b9667cd8eba19fc087e07b98b00f, Locality 1, c91838418c667773b1a281274ba863a8, 271457.778791, 1886522.976454, 17.051632, 54.852749, 40Q, 65.090515, 3.790092, 2.500000, Dike Margin, 66.000000, 258.000000, 168.000000, 0.943000, SD01, Sun Jan 22 10:50:03 2023, 
e9b7b9667cd8eba19fc087e07b98b00f, Locality 1, 4972e25c1a38d9b1e2481db8ba2fa78f, 271462.638303, 1886505.772807, 17.051477, 54.852797, 40Q, 62.877380, 3.790092, 2.500000, Dike Margin, 68.000000, 257.000000, 167.000000, 0.943000, SD01, Sun Jan 22 10:49:10 2023, 
e9b7b9667cd8eba19fc087e07b98b00f, Locality 1, fc5daf791dc540b926e62936bd69b8f3, 271488.631750, 1886398.964631, 17.050514, 54.853052, 40Q, 62.642700, 3.790092, 2.500000, Dike Margin, 86.000000, 230.000000, 140.000000, 0.943000, SD01, Sun Jan 22 10:47:23 2023, 
e9b7b9667cd8eba19fc087e07b98b00f, Locality 1, 94889960e641fe8d3270c482d412b05f, 271490.034980, 1886396.902295, 17.050496, 54.853065, 40Q, 61.866577, 3.790092, 2.500000, Dike Margin, 86.000000, 266.000000, 176.000000, 0.943000, SD01, Sun Jan 22 10:46:52 2023, 
e9b7b9667cd8eba19fc087e07b98b00f, Locality 1, 27249a808b2224769c41c6ec383299b0, 271493.704799, 1886387.424466, 17.050411, 54.853101, 40Q, 63.558228, 3.790092, 2.500000, Dike Margin, 84.000000, 243.000000, 153.000000, 0.943000, SD01, Sun Jan 22 10:46:36 2023, 
e9b7b9667cd8eba19fc087e07b98b00f, Locality 1, b621b26423f1fefdc41a39a98929a236, 271498.792241, 1886377.871277, 17.050325, 54.853150, 40Q, 64.456177, 3.790092, 2.500000, Dike Margin, 86.000000, 283.000000, 193.000000, 0.943000, SD01, Sun Jan 22 10:43:44 2023, 
e9b7b9667cd8eba19fc087e07b98b00f, Locality 1, e809051743fa727f7e649adee4e06b9f, 271493.621777, 1886379.968379, 17.050343, 54.853101, 40Q, 65.267639, 3.790092, 2.500000, Dike Margin, 90.000000, 229.000000, 139.000000, 0.943000, SD01, Sun Jan 22 10:43:08 2023, 
e9b7b9667cd8eba19fc087e07b98b00f, Locality 1, 691fa45374a3f1222d6763f31c25a010, 271469.309647, 1886458.096867, 17.051047, 54.852864, 40Q, 57.770203, 3.790092, 2.500000, Dike Margin, 53.000000, 252.000000, 162.000000, 0.943000, SD01, Sun Jan 22 10:41:19 2023, SD01
